Country Name,Country Code,Indicator Name,Indicator Code,1990,1991,1992,1993,1994,1995,1996,1997,1998,1999,2000,2001,2002,2003,2004,2005,2006,2007,2008,2009,2010,2011,2012,2013,2014,2015,2016,2017,2018,2019,2020,2021,2022,2023
Afghanistan,AFG,"GDP per capita, PPP (current international $)",NY.GDP.PCAP.PP.CD,,,,,,,,,,,838.0,770.31,943.18,970.72,971.93,1075.8,1121.0,1287.28,1336.54,1575.33,1771.45,1749.94,1994.54,2138.75,2229.68,2289.37,2217.3,2338.78,2436.01,2589.41,2568.34,2138.87,2092.88,
Albania,ALB,"GDP per capita, PPP (current international $)",NY.GDP.PCAP.PP.CD,2549.26,1908.95,1823.15,2057.3,2289.7,2665.56,2979.83,2717.14,3021.03,3471.67,3861.31,4300.84,4751.82,5000.31,5427.8,5865.24,6566.49,7284.89,8228.13,8812.6,9626.66,10207.17,10525.72,10570.42,11258.46,11658.05,12078.35,12769.76,13497.25,14617.78,14436.49,16261.8,19492.78,21395.33
Algeria,DZA,"GDP per capita, PPP (current international $)",NY.GDP.PCAP.PP.CD,7559.8,7539.72,7670.03,7516.64,7449.36,7744.59,8066.22,8157.28,8539.67,8813.54,9225.41,9583.36,10120.39,10843.17,11473.21,12302.96,12863.43,13401.55,13764.01,13765.64,14332.82,14784.03,14590.78,14527.21,14862.79,13973.69,13608.2,13674.87,13916.38,14084.2,12848.76,14690.92,16028.29,17026.96
American Samoa,ASM,"GDP per capita, PPP (current international $)",NY.GDP.PCAP.PP.CD,,,,,,,,,,,,,,,,,,,,,,,,,,,,,,,,,,
Andorra,AND,"GDP per capita, PPP (current international $)",NY.GDP.PCAP.PP.CD,24456.9,25055.42,25029.66,24555.74,24886.43,25324.28,26474.14,29129.71,30163.15,31616.42,33249.56,35824.81,36409.43,38686.48,41269.14,43234.78,46481.21,49755.33,49225.32,48301.59,49486.35,51184.55,49232.97,48054.99,49938.67,51035.89,52847.3,53031.66,55354.39,57573.69,51881.29,58829.85,68311.77,71587.48
Angola,AGO,"GDP per capita, PPP (current international $)",NY.GDP.PCAP.PP.CD,3283.47,3316.01,3091.48,2330.88,2336.59,2654.63,2968.84,3133.45,3210.3,3221.13,3286.36,3388.52,3783.14,3839.85,4224.14,4836.23,5364.97,6057.77,6616.77,6471.35,6587.41,6700.11,7351.76,7566.42,7999.83,7127.34,6850.38,6998.8,7353.35,7533.51,6455.12,7414.28,7928.64,8040.54
Antigua and Barbuda,ATG,"GDP per capita, PPP (current international $)",NY.GDP.PCAP.PP.CD,12881.71,13541.81,13788.76,14595.7,15609.03,14946.1,15899.53,16718.48,17375.9,17965.94,19191.86,18446.39,18685.21,19984.2,21466.91,23299.43,26726.81,29597.9,29716.47,25923.35,23853.58,23584.27,22271.7,21652.9,21559.0,20865.23,21181.63,21217.63,24336.85,26316.83,22159.41,25493.13,29711.56,31802.38
Argentina,ARG,"GDP per capita, PPP (current international $)",NY.GDP.PCAP.PP.CD,7184.24,7990.92,8700.19,9507.38,10139.59,9926.0,10532.74,11445.45,11881.3,11508.16,11544.41,11160.57,9991.38,10975.13,12163.78,13515.23,14898.2,16513.15,17341.27,16249.89,18066.5,19322.23,19629.9,20108.21,19649.35,20058.34,20248.72,23514.67,24498.38,23535.01,22302.15,26086.8,29037.49,29362.69
Armenia,ARM,"GDP per capita, PPP (current international $)",NY.GDP.PCAP.PP.CD,2756.83,2474.1,1490.49,1438.72,1587.18,1758.83,1909.81,2024.12,2217.21,2347.8,2572.74,2915.78,3382.28,3958.62,4518.8,5340.52,6274.65,7381.44,8099.33,7045.4,7332.44,7881.77,9279.18,9847.93,10153.56,10183.93,11036.72,12605.34,13478.76,15729.15,15523.47,16899.07,20445.1,23054.6
Aruba,ABW,"GDP per capita, PPP (current international $)",NY.GDP.PCAP.PP.CD,20754.23,22430.06,23485.06,25025.67,26786.99,27193.51,27184.6,28719.35,28743.83,28658.07,30750.48,32183.51,31990.31,32656.82,35658.21,36269.71,37365.61,39080.89,40064.65,35167.87,34232.73,35778.49,34762.79,36877.01,36763.21,37231.92,37444.44,38697.95,40379.29,40124.76,30437.2,38226.15,45236.02,
Australia,AUS,"GDP per capita, PPP (current international $)",NY.GDP.PCAP.PP.CD,17380.88,17835.36,18253.58,19215.96,20170.53,21038.67,22132.19,23124.96,24378.25,25485.39,26541.67,27645.81,29032.49,30121.82,31763.8,33036.58,34846.72,36653.84,37533.0,40312.4,39374.63,42025.46,42866.6,45936.05,46914.39,46292.1,47289.29,48418.56,50251.34,52746.72,54064.08,57406.18,65365.95,69114.74
Austria,AUT,"GDP per capita, PPP (current international $)",NY.GDP.PCAP.PP.CD,19459.19,20602.88,21278.1,21717.38,22626.7,23681.21,24552.03,25422.02,26674.84,27606.48,29379.74,29711.58,31178.69,32146.02,33774.79,35013.71,37661.92,39439.6,41316.23,40916.92,42002.16,44452.73,46457.35,47922.05,48799.72,49865.9,52684.02,54172.99,56937.94,60574.63,58610.83,63421.2,70975.72,73751.35
Azerbaijan,AZE,"GDP per capita, PPP (current international $)",NY.GDP.PCAP.PP.CD,5253.93,5322.3,4150.13,3217.95,2603.83,2317.79,2366.84,2522.84,2779.81,3001.31,3382.08,3771.27,4160.22,4640.13,5160.47,6741.2,9244.41,11734.76,12972.44,13972.73,14680.87,14804.57,15994.15,17267.51,17563.61,15075.27,14535.8,14315.93,15283.0,16675.32,15163.57,20111.38,22533.49,23685.54
Bahrain,BHR,"GDP per capita, PPP (current international $)",NY.GDP.PCAP.PP.CD,25733.52,28596.73,30132.72,33646.71,33152.53,34048.36,34965.94,35551.69,36561.79,37575.68,39365.28,40191.4,41164.29,42903.96,44011.94,44785.28,45656.08,47387.93,48090.86,46709.19,47936.3,49960.27,53846.88,53808.71,52272.91,46246.4,45591.4,49234.31,50198.64,53712.15,51439.2,54351.84,60652.85,63847.83
Bangladesh,BGD,"GDP per capita, PPP (current international $)",NY.GDP.PCAP.PP.CD,980.04,1028.38,1088.84,1145.08,1191.94,1255.6,1313.19,1371.08,1431.16,1490.38,1574.53,1659.9,1718.08,1803.27,1916.68,2074.25,2253.43,2451.94,2626.06,2751.24,2906.47,3119.93,3501.56,3751.06,4023.54,4253.69,4608.57,4894.44,5484.76,6025.09,6596.04,7366.49,8354.72,9065.7
Barbados,BRB,"GDP per capita, PPP (current international $)",NY.GDP.PCAP.PP.CD,9655.99,9573.48,9205.51,9469.95,9839.61,10225.15,10806.2,11494.76,12038.22,12224.95,13033.82,12976.75,13228.43,13729.28,14243.91,15216.52,16579.66,17317.65,17685.53,16830.44,16601.41,16765.74,15772.25,15807.82,15636.43,16006.95,16438.84,16279.25,16960.25,17459.15,14687.11,14752.37,17892.19,19357.17
Belarus,BLR,"GDP per capita, PPP (current international $)",NY.GDP.PCAP.PP.CD,5226.62,5336.07,4922.91,4646.32,4195.26,3850.23,4044.09,4601.9,5067.29,5337.69,5802.47,6245.44,6705.04,7370.39,8492.9,9648.23,11007.54,12334.52,13902.47,14050.71,15364.03,16563.2,18114.75,19014.05,19037.82,18133.57,17832.48,18413.71,20026.03,22301.58,24872.34,27611.18,28406.07,30751.5
Belgium,BEL,"GDP per capita, PPP (current international $)",NY.GDP.PCAP.PP.CD,18675.31,19587.86,20258.55,20459.19,21504.01,22431.46,22736.76,23727.9,24368.76,25440.84,27788.09,28796.58,30282.29,30934.58,32063.98,33177.89,35258.99,36799.53,37883.33,37748.4,39833.18,40942.37,42290.76,43671.12,44929.69,46200.9,48597.4,50442.27,52530.56,56621.54,55730.95,62123.16,68274.2,70455.96
Belize,BLZ,"GDP per capita, PPP (current international $)",NY.GDP.PCAP.PP.CD,4461.15,5048.17,5703.44,6073.24,6069.18,6084.15,6076.43,6227.02,6315.55,6772.8,7525.91,7829.07,8121.82,8807.04,9193.12,9406.7,9841.03,10144.23,9897.56,9645.51,9640.3,9588.61,9145.73,9378.92,9340.36,9451.56,9336.42,9086.91,9479.91,10436.33,9540.67,11559.89,13280.6,14195.31
Benin,BEN,"GDP per capita, PPP (current international $)",NY.GDP.PCAP.PP.CD,1220.33,1275.25,1302.36,1349.61,1354.71,1436.86,1487.72,1554.28,1585.07,1642.38,1724.76,1802.52,1858.89,1902.64,1979.53,2011.63,2090.49,2211.15,2295.44,2294.63,2303.02,2350.36,2435.95,2609.14,2774.86,2832.0,2952.51,2996.14,3075.24,3260.77,3354.18,3575.31,3957.96,4248.31
Bermuda,BMU,"GDP per capita, PPP (current international $)",NY.GDP.PCAP.PP.CD,34873.95,34958.78,35993.88,37752.66,38521.86,40766.94,42321.53,44757.78,46681.82,48670.71,53928.42,58490.64,58142.25,60912.5,63585.75,66247.1,71663.77,75639.64,75212.14,71023.0,70637.93,69998.84,67919.7,69949.53,70210.32,73879.49,79035.73,85285.25,85861.19,91263.49,85795.36,93555.52,106866.34,
Bhutan,BTN,"GDP per capita, PPP (current international $)",NY.GDP.PCAP.PP.CD,1696.85,1718.55,1911.89,2092.3,2240.97,2420.67,2553.95,2690.7,2828.69,3022.63,3106.58,3318.74,3627.21,3888.96,4100.23,4431.18,4754.27,5599.99,5896.16,6314.7,7074.58,7734.72,8385.92,8488.44,9141.58,10024.3,11078.92,11649.83,11932.86,12864.78,12434.67,13423.43,15021.73,
Bosnia and Herzegovina,BIH,"GDP per capita, PPP (current international $)",NY.GDP.PCAP.PP.CD,1031.95,965.39,972.8,1056.35,1256.58,1492.47,2249.22,3018.22,3501.08,3853.16,4127.61,4291.24,4743.39,4911.68,5405.65,5958.97,6879.25,7696.91,8595.6,8698.06,9087.26,9757.46,10108.88,10787.72,11147.56,11825.21,12869.3,13580.89,14800.21,16354.0,16275.24,18396.47,20998.52,22845.52
Botswana,BWA,"GDP per capita, PPP (current international $)",NY.GDP.PCAP.PP.CD,5818.58,6280.91,6424.77,6512.54,6703.65,7135.13,7502.06,8076.98,8023.91,8734.94,8923.47,8965.84,9479.19,9937.83,10299.53,10908.62,11958.75,12741.39,13139.73,11119.91,12141.49,12976.53,12091.69,12880.31,14417.01,13518.48,15416.58,14817.57,14805.29,14889.81,14208.27,16663.87,18516.19,19383.17
Brazil,BRA,"GDP per capita, PPP (current international $)",NY.GDP.PCAP.PP.CD,6618.55,6794.43,6797.78,7184.55,7644.9,8008.76,8208.92,8505.41,8504.28,8542.79,8995.85,9203.9,9511.45,9694.27,10409.08,10956.12,11615.64,12524.57,13284.39,13222.88,14256.56,14989.16,14962.37,15469.54,15564.8,14567.71,14057.31,14293.6,15165.06,15741.48,15759.08,17672.92,19398.59,20584.42
Brunei Darussalam,BRN,"GDP per capita, PPP (current international $)",NY.GDP.PCAP.PP.CD,55173.31,57104.29,59518.39,59548.42,61181.01,63698.65,65184.69,63869.16,62834.6,64284.65,66220.77,68177.06,70527.58,72632.66,73627.68,74930.05,79320.13,80315.38,79060.05,76994.22,78796.1,82300.66,87024.94,83136.86,81243.9,62823.12,56889.41,62015.43,65679.43,70087.04,70685.19,79364.09,82893.4,86445.66
Bulgaria,BGR,"GDP per capita, PPP (current international $)",NY.GDP.PCAP.PP.CD,7545.53,7213.0,6914.72,7029.69,7335.18,7737.7,6846.47,5749.38,6177.64,5807.83,6422.8,6961.08,7937.48,8417.42,9201.63,10291.34,11407.99,12822.08,14346.51,14180.48,14955.26,15746.54,16326.43,16648.51,17615.11,18384.75,20064.91,21455.88,23004.32,25526.28,25735.0,29404.96,35463.55,38689.55
Burkina Faso,BFA,"GDP per capita, PPP (current international $)",NY.GDP.PCAP.PP.CD,568.68,625.24,625.38,646.11,651.94,685.85,755.77,796.66,841.04,889.61,899.7,951.42,977.73,1041.97,1083.38,1176.49,1249.0,1295.68,1356.71,1364.91,1454.79,1536.81,1577.22,1648.39,1666.77,1696.95,1887.55,2048.43,2077.96,2233.26,2375.86,2467.74,2620.51,2726.94
Burundi,BDI,"GDP per capita, PPP (current international $)",NY.GDP.PCAP.PP.CD,609.43,648.39,652.57,647.54,632.48,559.89,524.73,525.88,546.76,536.03,532.49,542.09,559.15,545.82,566.16,567.77,595.26,609.69,625.4,620.9,630.45,646.1,656.84,706.99,745.4,821.25,795.79,785.23,777.45,804.17,812.06,864.28,917.51,950.88
Cabo Verde,CPV,"GDP per capita, PPP (current international $)",NY.GDP.PCAP.PP.CD,1075.59,1102.89,1221.18,1324.99,1573.09,1790.95,1984.25,2192.64,2440.65,2695.34,3090.85,3177.54,3344.16,3501.86,3909.83,4256.54,4680.58,5472.55,5905.07,5791.98,5906.18,6189.7,6058.78,6040.45,6020.24,6285.6,6747.31,7204.47,7115.54,7702.92,6053.27,6753.69,8415.16,9086.23
Cambodia,KHM,"GDP per capita, PPP (current international $)",NY.GDP.PCAP.PP.CD,973.63,1042.2,1086.89,1098.86,704.63,770.15,810.96,839.32,870.4,975.64,1077.55,1170.41,1244.24,1352.41,1505.46,1727.84,1939.12,2157.12,2307.27,2288.74,2419.18,2605.49,2855.49,3025.42,3158.53,3354.61,3631.13,3873.64,4228.76,4620.96,4504.25,4668.24,5202.68,5624.14
Cameroon,CMR,"GDP per capita, PPP (current international $)",NY.GDP.PCAP.PP.CD,2014.37,1944.12,1871.04,1712.88,1732.06,1769.59,1827.63,1892.32,1951.74,2014.55,2083.49,2164.91,2236.25,2340.01,2502.68,2567.52,2673.83,2786.54,2839.4,2848.36,2883.16,2957.16,3027.18,3204.36,3385.48,3459.78,3587.62,3726.57,3967.52,4195.67,4319.22,4741.76,5122.64,5380.16
Canada,CAN,"GDP per capita, PPP (current international $)",NY.GDP.PCAP.PP.CD,20229.76,20224.69,20626.2,21440.05,22632.83,23485.64,24050.18,25258.86,26319.67,27841.35,29362.08,30230.85,30963.92,32351.55,33927.67,36328.38,38119.39,39575.48,40376.09,38864.06,40098.25,41666.84,42291.97,44301.06,45758.1,44668.09,46470.65,48317.39,49982.6,50498.97,48590.68,55781.7,62041.56,61582.35
Cayman Islands,CYM,"GDP per capita, PPP (current international $)",NY.GDP.PCAP.PP.CD,,,,,,,,,,,,,,,,,75276.5,77399.5,76339.25,69275.25,66356.12,66766.04,65040.71,64132.63,64201.89,64777.5,66571.56,69038.25,72981.75,74008.76,67467.33,76296.94,85167.67,
Central African Republic,CAF,"GDP per capita, PPP (current international $)",NY.GDP.PCAP.PP.CD,634.24,632.07,586.01,582.93,605.21,644.42,613.7,639.33,658.52,672.89,652.47,681.44,701.39,660.47,703.46,715.81,757.69,798.97,814.04,870.43,902.91,945.59,1025.92,686.2,673.39,738.56,793.92,847.86,867.39,934.82,1003.15,1057.19,1112.45,1129.98
Chad,TCD,"GDP per capita, PPP (current international $)",NY.GDP.PCAP.PP.CD,713.98,772.57,818.13,690.04,759.18,750.98,747.85,776.72,811.92,789.84,773.75,854.47,909.52,1022.6,1342.35,1560.83,1563.06,1602.71,1626.44,1646.53,1828.94,1804.06,1743.38,1584.98,1697.8,1852.3,1702.26,1626.98,1691.46,1846.97,1623.26,1764.35,1881.99,1969.3
Chile,CHL,"GDP per capita, PPP (current international $)",NY.GDP.PCAP.PP.CD,4437.06,4872.14,5533.63,6026.75,6473.89,7250.19,7959.49,8581.44,8927.84,8921.99,9468.32,9876.23,10239.39,10820.67,11735.18,12685.03,15676.58,16875.71,16550.45,16118.38,18104.72,20330.52,21584.68,22425.59,22779.43,22691.49,23492.29,24546.91,25564.54,25824.65,25443.21,29050.08,31586.14,33284.49
China,CHN,"GDP per capita, PPP (current international $)",NY.GDP.PCAP.PP.CD,981.51,1093.67,1262.14,1454.62,1660.5,1860.69,2061.04,2266.92,2448.65,2650.51,2917.6,3208.59,3532.32,3939.02,4427.66,5056.99,5843.35,6820.04,7583.35,8305.84,9256.1,10292.94,11233.97,12011.68,12700.44,13201.67,13882.03,14750.37,16006.91,17262.18,17891.48,20406.73,22499.44,24557.64
Colombia,COL,"GDP per capita, PPP (current international $)",NY.GDP.PCAP.PP.CD,5084.14,5253.12,5480.39,5797.02,6144.24,6475.64,6608.06,6829.67,6826.34,6521.79,6754.3,6912.49,7086.09,7398.73,7889.39,8413.97,9136.58,9893.0,10293.77,10357.43,10831.74,11694.73,12075.48,12756.02,13323.17,13289.67,13971.34,14334.91,15161.32,16091.5,15427.59,17587.23,21055.66,21548.01
Comoros,COM,"GDP per capita, PPP (current international $)",NY.GDP.PCAP.PP.CD,1513.61,1443.02,1563.93,1612.37,1526.43,1580.37,1554.68,1610.23,1614.28,1635.4,1818.25,1864.41,1898.22,1938.0,1989.85,2069.42,2146.33,2178.03,2261.91,2301.99,2368.12,2464.35,2667.26,2819.57,2924.83,2935.2,3120.16,3325.5,3284.44,3294.29,3245.4,3426.76,3687.63,3854.79
Costa Rica,CRI,"GDP per capita, PPP (current international $)",NY.GDP.PCAP.PP.CD,4962.54,5115.15,5571.16,5958.34,6207.84,6446.63,6501.58,6820.68,7232.27,7487.0,7797.39,8100.61,8364.36,8757.56,9249.23,9773.59,10659.33,11682.49,12300.29,12103.5,12742.16,13410.35,14241.87,14992.42,16132.66,17248.75,18898.08,20168.22,21144.41,22949.53,21716.87,23700.3,26181.14,27952.48
Croatia,HRV,"GDP per capita, PPP (current international $)",NY.GDP.PCAP.PP.CD,9521.39,7913.9,7322.93,6857.94,7333.36,8048.49,8801.12,9532.39,9887.02,9940.02,10669.38,11652.11,13022.62,13697.36,14694.56,15454.98,17638.84,19577.64,21033.88,20274.65,20093.22,21150.38,21529.92,22218.15,22463.18,23460.57,25427.63,27391.11,29156.34,32329.56,30688.81,37232.6,42399.12,45909.63
Cuba,CUB,"GDP per capita, PPP (current international $)",NY.GDP.PCAP.PP.CD,,,,,,,,,,,,,,,,,,,,,,,,,,,,,,,,,,
Cyprus,CYP,"GDP per capita, PPP (current international $)",NY.GDP.PCAP.PP.CD,13339.19,13537.28,14749.6,14842.13,15724.81,17084.49,17313.62,17777.41,18758.65,19662.76,21291.26,22868.8,24013.32,24280.91,25945.2,27762.9,30015.08,32888.51,34829.34,33883.25,33504.38,33404.22,31922.31,30450.12,30168.92,31920.01,35877.1,38411.41,40673.73,44685.14,42796.04,48466.84,53776.31,57100.46
Czechia,CZE,"GDP per capita, PPP (current international $)",NY.GDP.PCAP.PP.CD,12716.13,11647.17,11840.15,12115.7,12729.83,13850.15,14684.6,14821.92,14977.62,15396.31,16237.54,17626.26,18252.57,19539.15,20932.67,22095.39,23923.55,26288.35,27974.49,27760.69,27877.14,29001.37,29254.73,30818.11,32502.48,33899.29,36097.71,38824.89,41143.83,44859.8,43922.53,48418.12,51701.95,53816.8
Denmark,DNK,"GDP per capita, PPP (current international $)",NY.GDP.PCAP.PP.CD,18231.31,19060.99,19811.28,20215.58,21674.95,22680.98,23733.07,24923.8,25813.88,26653.82,28661.76,29446.01,30640.35,30822.09,32939.63,34150.16,37334.16,39015.06,41278.33,40330.22,42995.62,44403.38,44803.97,46726.85,47901.45,49045.34,51976.01,55356.68,57482.96,60787.46,62529.25,69878.93,77953.68,76687.9
Djibouti,DJI,"GDP per capita, PPP (current international $)",NY.GDP.PCAP.PP.CD,,,,,,,,,,,,,,,,,,,,,,,,3809.86,4022.35,4323.52,4493.9,4742.39,5153.72,5471.96,5676.31,6032.28,6606.39,7204.05
Dominica,DMA,"GDP per capita, PPP (current international $)",NY.GDP.PCAP.PP.CD,4352.66,4582.94,4784.51,4999.66,5106.03,5370.86,5641.81,5871.75,6174.63,6306.13,6633.89,6798.13,6697.82,7244.88,7651.9,7932.02,8549.15,9334.13,10190.43,10132.62,10329.55,10521.08,10233.85,10447.2,11147.7,11277.23,12092.76,11435.69,12809.71,14451.54,12743.86,14472.29,16283.16,17598.64
Dominican Republic,DOM,"GDP per capita, PPP (current international $)",NY.GDP.PCAP.PP.CD,3666.99,3748.24,4178.33,4502.22,4627.6,4900.73,5194.67,5656.51,6006.83,6354.52,6698.35,6913.81,7231.7,7173.49,7452.72,8299.45,9220.17,10044.55,10432.7,10458.96,11319.09,11760.64,11846.44,12484.11,13541.93,14886.78,16351.83,17075.25,18141.34,19743.4,19085.35,21923.3,24363.89,25610.51
Ecuador,ECU,"GDP per capita, PPP (current international $)",NY.GDP.PCAP.PP.CD,4642.12,4894.31,5004.93,5122.07,5350.95,5482.79,5576.85,5813.57,5965.51,5664.6,5756.7,6029.33,6314.14,6509.69,7018.31,7498.71,7927.89,8156.24,8709.46,8710.98,9021.06,9825.43,10302.95,11356.06,11892.81,10924.98,10924.88,11837.68,12211.15,12540.33,11498.93,13452.01,15117.27,15870.26
El Salvador,SLV,"GDP per capita, PPP (current international $)",NY.GDP.PCAP.PP.CD,2873.66,2963.39,3190.51,3407.81,3604.17,3816.96,3885.29,4044.57,4168.23,4290.34,4411.23,4527.73,4652.4,4806.07,4971.94,5263.41,5664.22,5915.66,6135.21,6019.97,6201.13,6542.94,6656.88,7038.92,7447.43,7873.4,8388.37,8889.22,9120.86,9666.8,9306.03,10709.76,11743.44,12542.31
Equatorial Guinea,GNQ,"GDP per capita, PPP (current international $)",NY.GDP.PCAP.PP.CD,588.22,579.98,770.29,843.74,968.62,1118.87,1826.8,4468.85,5378.83,6590.19,7618.66,12120.81,14025.42,15564.2,21077.12,24252.67,25716.68,29057.25,33270.18,32341.6,28428.59,29556.11,32522.41,30204.24,29373.07,21025.31,17949.83,19854.23,19814.64,17692.3,14709.02,18100.91,19610.18,18723.65
Eritrea,ERI,"GDP per capita, PPP (current international $)",NY.GDP.PCAP.PP.CD,,,955.54,1076.05,1292.42,1285.05,1362.26,1477.41,1500.08,1499.74,1462.92,1581.21,1598.52,1523.43,1524.07,1573.26,1579.09,1619.11,1449.43,1476.53,1496.29,1628.75,,,,,,,,,,,,
Estonia,EST,"GDP per capita, PPP (current international $)",NY.GDP.PCAP.PP.CD,7475.93,7146.26,5867.94,5809.86,5962.61,6475.4,6889.3,7977.92,8450.52,8412.07,9422.5,10317.31,11663.27,13133.28,14536.76,16634.89,19345.2,22200.23,22802.34,20477.26,21615.74,24557.24,25996.05,27464.52,28945.47,29175.93,31312.75,33821.93,36410.12,39843.64,40045.38,44652.0,47941.68,48992.14
Eswatini,SWZ,"GDP per capita, PPP (current international $)",NY.GDP.PCAP.PP.CD,3384.96,3418.14,3470.53,3554.47,3716.41,3978.11,4120.11,4246.41,4342.73,4475.32,4602.45,4705.95,4943.72,5197.43,5494.45,5972.36,6490.03,6921.23,7074.3,7196.21,7525.39,7814.52,8076.34,8567.04,8715.03,8792.21,8750.88,8519.58,8640.08,9083.44,9077.23,10202.51,10887.0,11740.82
Ethiopia,ETH,"GDP per capita, PPP (current international $)",NY.GDP.PCAP.PP.CD,414.69,381.7,342.32,383.37,390.76,409.73,454.28,461.92,437.37,452.54,476.59,512.58,513.15,497.31,563.58,631.75,701.67,780.66,856.87,912.12,1010.17,1114.05,1195.79,1270.35,1505.01,1654.85,1882.69,2031.96,2124.25,2274.21,2442.25,2628.34,2888.74,3109.28
Faroe Islands,FRO,"GDP per capita, PPP (current international $)",NY.GDP.PCAP.PP.CD,,,,,,,,,,,,,,,,,,,41176.62,39633.09,39898.96,42253.12,46054.2,49552.82,53103.23,53730.22,54277.6,56360.07,58980.55,62357.09,61642.71,68124.19,76566.46,
Fiji,FJI,"GDP per capita, PPP (current international $)",NY.GDP.PCAP.PP.CD,3917.78,3918.81,4241.66,4421.55,4736.63,4947.82,5251.79,5172.65,5237.75,5712.82,5680.22,5862.24,6081.89,6202.57,6642.03,6833.36,7108.28,7177.27,7340.97,7246.28,7519.47,7854.57,8392.6,9035.34,10735.72,11751.37,11994.94,12815.94,13199.78,13168.37,11168.64,10593.91,13534.19,15046.47
Finland,FIN,"GDP per capita, PPP (current international $)",NY.GDP.PCAP.PP.CD,18133.77,17547.41,17258.75,17466.15,18466.34,19573.75,20080.84,21790.48,23576.78,24767.28,26788.11,27803.91,28605.12,29053.11,31202.63,32051.79,34454.89,37846.92,40083.7,37971.17,38949.72,40916.84,40873.1,41493.14,41757.4,42497.7,44934.45,47570.13,49579.33,52569.8,53668.82,57788.9,62599.01,65060.67
France,FRA,"GDP per capita, PPP (current international $)",NY.GDP.PCAP.PP.CD,17697.57,18325.91,18948.71,19192.34,19989.61,20763.1,21350.07,22237.73,23356.75,24304.4,26090.14,27493.7,28518.83,28168.77,29056.01,30494.21,32464.85,34126.13,35092.69,34675.0,35894.99,37439.23,37677.73,39521.7,40144.03,40850.0,42924.61,44577.06,46537.47,51240.07,49494.29,53834.8,57594.03,61156.77
French Polynesia,PYF,"GDP per capita, PPP (current international $)",NY.GDP.PCAP.PP.CD,,,,,,,,,,,,,,,,,,,,,,,,,,,,,,,,,,
Gabon,GAB,"GDP per capita, PPP (current international $)",NY.GDP.PCAP.PP.CD,11960.61,12770.58,12323.05,12769.07,13176.88,13765.41,14164.04,14857.96,15161.63,13653.6,13353.72,13586.74,13403.39,13603.07,13680.96,14077.82,13689.93,14451.26,13795.48,13448.43,14086.55,14863.46,14700.78,14580.56,14940.85,14394.39,14092.34,14911.98,15575.0,16126.86,14639.92,19552.36,21118.87,21946.99
Georgia,GEO,"GDP per capita, PPP (current international $)",NY.GDP.PCAP.PP.CD,5835.58,4726.62,2643.18,1898.37,1764.24,1918.77,2253.1,2615.65,2795.39,2976.86,3161.2,3440.73,3718.69,4239.94,4634.78,5271.95,5980.44,6951.09,7278.66,7119.14,7711.81,8563.84,10059.98,10797.34,11770.7,12269.65,13065.29,13718.94,15021.91,16770.13,16791.26,18915.65,22442.79,24681.25
Germany,DEU,"GDP per capita, PPP (current international $)",NY.GDP.PCAP.PP.CD,19449.76,20981.21,21706.35,21859.63,22781.3,23548.83,24070.12,24568.14,25344.88,26291.21,27202.48,28376.9,29178.64,29909.81,31334.73,31794.1,34160.1,36295.72,37802.39,36814.75,38945.92,42541.53,43359.61,44993.89,47011.55,47609.78,50579.68,53071.46,55195.84,58251.77,57905.18,61939.65,66616.02,69338.29
Ghana,GHA,"GDP per capita, PPP (current international $)",NY.GDP.PCAP.PP.CD,1575.3,1671.68,1732.57,1814.73,1870.02,1942.37,2021.99,2093.43,2163.56,2235.52,2311.83,2393.92,2471.65,2580.5,2724.59,2897.7,3095.45,3232.19,3504.59,3604.47,3840.44,4362.59,4910.78,5188.16,5486.85,5159.93,4977.58,5134.36,5494.7,5952.4,5992.32,6544.24,7132.78,7466.37
Gibraltar,GIB,"GDP per capita, PPP (current international $)",NY.GDP.PCAP.PP.CD,,,,,,,,,,,,,,,,,,,,,,,,,,,,,,,,,,
Greece,GRC,"GDP per capita, PPP (current international $)",NY.GDP.PCAP.PP.CD,13302.57,14009.59,14319.34,14339.63,14864.15,15422.26,16144.27,17152.76,18033.68,18464.73,19518.67,20960.99,22615.94,23897.93,25461.19,25577.52,28548.99,29326.92,30856.01,30358.24,27908.3,25671.52,24911.12,25986.65,26625.06,26760.36,27511.8,28604.86,29617.55,31611.21,29088.21,33018.25,38922.47,41186.81
Greenland,GRL,"GDP per capita, PPP (current international $)",NY.GDP.PCAP.PP.CD,20472.46,21178.87,20628.57,20092.1,21619.35,22772.56,23502.07,24215.22,26340.05,27080.86,29608.26,30577.53,30610.43,32508.02,35596.21,38527.09,42040.53,44366.43,48203.12,48924.76,49863.66,50653.06,52389.33,52893.65,56555.07,55815.65,58908.59,60010.1,61806.83,64264.06,64857.63,68086.46,,
Grenada,GRD,"GDP per capita, PPP (current international $)",NY.GDP.PCAP.PP.CD,4594.79,4781.66,4787.48,4751.68,4887.44,5052.78,5333.36,5659.5,6356.56,6851.02,7307.02,7286.15,7632.86,8480.3,8590.66,9969.11,9800.71,10612.17,10846.03,10121.84,10121.87,10330.08,10288.9,10868.24,11830.6,12736.39,13414.05,14359.42,15168.89,15542.49,13510.81,14325.55,16348.17,17654.1
Guam,GUM,"GDP per capita, PPP (current international $)",NY.GDP.PCAP.PP.CD,,,,,,,,,,,,,,,,,,,,,,,,,,,,,,,,,,
Guatemala,GTM,"GDP per capita, PPP (current international $)",NY.GDP.PCAP.PP.CD,3320.27,3463.71,3617.84,3752.1,3888.73,4065.77,4161.47,4315.01,4474.45,4602.0,4758.83,4861.29,5009.92,5126.61,5315.45,5545.32,5901.43,6319.36,6526.24,6474.86,6619.86,6910.88,7409.41,7875.69,8438.67,9166.04,9457.84,9845.38,10250.27,11079.63,11270.78,12106.42,13299.6,14066.51
Guinea,GIN,"GDP per capita, PPP (current international $)",NY.GDP.PCAP.PP.CD,881.74,898.39,918.86,958.09,987.13,1025.16,1060.02,1111.08,1142.69,1176.2,1208.98,1264.93,1330.13,1342.88,1381.53,1438.8,1470.18,1576.38,1633.35,1585.81,1641.49,1726.18,1812.02,1864.74,1896.28,1953.1,2282.18,2718.9,2878.43,3143.65,3395.09,3735.09,4087.09,4429.34
Guinea-Bissau,GNB,"GDP per capita, PPP (current international $)",NY.GDP.PCAP.PP.CD,824.2,877.23,881.34,891.66,911.5,947.55,1054.76,1121.22,863.26,1003.7,1017.18,1066.87,1098.31,1091.35,1107.44,1188.24,1226.97,1259.97,1308.2,1314.27,1368.93,1470.9,1400.75,1414.34,1454.08,1727.56,1821.73,2078.76,2054.99,2089.86,2083.84,2278.02,2486.72,2630.29
Guyana,GUY,"GDP per capita, PPP (current international $)",NY.GDP.PCAP.PP.CD,3032.84,3338.85,3675.4,4058.18,4484.34,4795.01,5258.08,5667.01,5623.41,5861.6,5904.55,6168.97,6331.5,6413.67,6690.32,6771.84,7351.74,8113.67,8441.62,8834.31,9353.13,10092.08,10659.99,11238.86,11191.23,11465.14,11584.06,12327.07,12538.21,13388.71,17036.29,23176.13,40337.6,55262.52
Haiti,HTI,"GDP per capita, PPP (current international $)",NY.GDP.PCAP.PP.CD,2179.69,2250.05,2136.87,2029.35,1790.82,1972.13,2052.83,2105.53,2136.32,2185.14,2213.29,2215.22,2233.99,2317.08,2308.92,2413.96,2490.22,2634.14,2711.81,2843.11,2684.07,2846.88,2819.34,3030.98,3064.07,3014.23,3240.6,3325.31,3182.44,3220.94,3085.9,3114.96,3239.32,3255.54
Honduras,HND,"GDP per capita, PPP (current international $)",NY.GDP.PCAP.PP.CD,2010.33,1953.79,2061.03,2184.78,2174.41,2292.56,2313.05,2394.01,2442.47,2394.72,2556.73,2614.36,2683.23,2788.34,2966.98,3167.42,3398.4,3622.63,3764.44,3617.19,3719.73,3863.65,3981.04,4104.37,4428.43,4815.78,5159.62,5598.06,5617.48,5776.1,5383.57,6209.94,6820.09,7210.69
Hungary,HUN,"GDP per capita, PPP (current international $)",NY.GDP.PCAP.PP.CD,9133.14,8319.63,8251.72,8408.23,8852.99,9186.04,9349.01,9823.03,10398.03,10873.25,11854.68,13211.83,14526.39,15479.1,16269.31,17108.34,18383.63,19098.63,20721.5,20722.07,21738.9,23029.45,23267.45,24547.98,25691.53,26798.85,27941.93,29496.16,31908.86,35152.6,35029.91,38648.0,43577.89,45942.17
Iceland,ISL,"GDP per capita, PPP (current international $)",NY.GDP.PCAP.PP.CD,21970.44,22401.48,21862.5,22445.29,23546.9,23938.47,24767.07,26868.11,28720.91,29557.54,29782.87,31885.45,32607.11,32701.05,35617.21,37322.74,39700.08,41472.84,43728.11,41862.96,39768.42,40936.87,42004.45,44409.67,45996.97,49201.06,53480.4,55638.49,57197.77,60523.82,55796.75,61966.42,73471.5,77567.19
India,IND,"GDP per capita, PPP (current international $)",NY.GDP.PCAP.PP.CD,1204.35,1232.07,1301.94,1367.82,1460.25,1572.16,1688.53,1753.24,1847.38,2001.89,2087.48,2197.35,2275.59,2460.13,2681.22,2936.9,3222.01,3510.96,3636.97,3892.57,4216.18,4467.47,4835.48,5032.59,5211.57,5446.19,5823.48,6169.5,6742.71,7181.52,6997.36,8087.99,9199.57,10175.77
Indonesia,IDN,"GDP per capita, PPP (current international $)",NY.GDP.PCAP.PP.CD,3070.26,3330.63,3566.36,3823.61,4130.95,4490.26,4850.79,5084.19,4397.09,4427.67,4682.5,4892.9,5121.67,5399.72,5750.2,6189.57,6644.53,7162.98,7639.92,7941.24,8431.82,9022.72,9624.59,9966.38,10168.68,10132.32,10371.44,10802.71,11494.94,12115.7,11856.94,12897.1,14445.64,15612.8
Iraq,IRQ,"GDP per capita, PPP (current international $)",NY.GDP.PCAP.PP.CD,,2682.09,3530.6,4486.93,4535.55,4570.63,5002.37,5978.33,7897.22,9113.81,10539.83,10623.31,9590.94,6008.85,9195.89,9360.64,10121.16,10681.81,11558.63,11597.95,12100.63,12825.64,14312.89,14585.94,13097.85,9285.7,9025.57,10118.66,11938.02,12139.16,10464.51,12596.53,14199.61,13968.57
Ireland,IRL,"GDP per capita, PPP (current international $)",NY.GDP.PCAP.PP.CD,13733.75,14389.2,15105.74,15801.0,17000.17,18931.54,20473.94,22632.09,25092.34,27041.35,30209.47,32576.92,35222.03,36285.11,38734.44,40466.23,44232.1,46784.09,44169.09,41469.84,43202.96,45116.99,46283.73,47797.15,51238.8,69214.42,71410.37,78168.97,84918.34,90940.63,97066.71,114120.54,133822.76,127623.39
Isle of Man,IMN,"GDP per capita, PPP (current international $)",NY.GDP.PCAP.PP.CD,,,,,,,,,,,,,,,,,,,,,,,,,,,,,,,,,,
Israel,ISR,"GDP per capita, PPP (current international $)",NY.GDP.PCAP.PP.CD,15606.98,16366.37,17425.53,18085.76,19336.82,20491.73,21538.3,22169.03,22819.24,23319.97,25693.17,25743.21,26044.74,24657.93,26057.12,25625.04,26327.4,28169.59,27994.9,27908.5,29294.22,31161.72,32322.69,34740.4,34740.31,35864.27,38208.36,39448.14,40231.91,41513.45,41204.48,46126.64,52133.61,53434.0
Italy,ITA,"GDP per capita, PPP (current international $)",NY.GDP.PCAP.PP.CD,18624.95,19537.5,20135.77,20424.77,21305.3,22379.64,23050.91,23871.42,25020.91,25602.39,27075.85,28042.01,28736.58,29198.54,29555.56,30130.64,32453.39,34148.96,35523.27,34601.91,35152.39,36598.01,36486.3,36314.7,36194.87,36899.39,39926.95,41581.12,43036.24,46470.04,44202.24,49901.61,55908.26,58754.91
Jamaica,JAM,"GDP per capita, PPP (current international $)",NY.GDP.PCAP.PP.CD,4816.6,5177.47,5348.66,5931.41,6079.75,6289.32,6337.77,6318.51,6188.01,6293.19,6452.7,6653.11,6857.91,7214.74,7470.2,7736.01,8166.72,8471.68,8532.74,8179.04,8123.51,8396.88,8411.76,8663.1,8761.68,9011.59,9423.47,9846.04,10064.77,10117.56,9024.01,9610.99,10826.09,11475.01
Japan,JPN,"GDP per capita, PPP (current international $)",NY.GDP.PCAP.PP.CD,19912.52,21227.68,21825.8,22168.56,22823.44,23859.07,25000.53,25620.07,25509.9,25735.97,27287.27,27942.35,28623.59,29392.25,30830.66,32169.87,33634.63,35015.99,35273.79,33547.28,35335.37,36214.44,37605.97,39402.03,39555.41,40898.81,40596.97,41444.22,42141.94,42678.15,42438.45,44549.34,47118.39,50206.61
Jordan,JOR,"GDP per capita, PPP (current international $)",NY.GDP.PCAP.PP.CD,4492.45,4479.94,4967.86,5041.49,5149.4,5357.9,5388.0,5512.74,5611.34,5757.22,6009.66,6334.6,6660.35,6916.41,7520.9,8172.78,8511.55,8875.62,9466.71,9785.82,9913.59,10133.77,10245.28,10195.49,9285.88,9014.76,8784.5,9282.61,9044.51,9405.42,9523.55,9115.02,9871.88,10451.91
Kazakhstan,KAZ,"GDP per capita, PPP (current international $)",NY.GDP.PCAP.PP.CD,8262.43,7554.32,7322.59,6830.79,6186.3,5918.89,6149.94,6463.5,6523.75,6859.91,7725.95,8981.67,10014.71,11124.71,12433.84,13943.11,15743.61,17409.01,17989.88,17958.49,19229.94,20779.44,22021.28,24480.54,24689.82,23178.22,23760.0,24789.3,25997.29,29767.63,30164.6,33893.9,36595.41,39332.47
Kenya,KEN,"GDP per capita, PPP (current international $)",NY.GDP.PCAP.PP.CD,1709.14,1735.71,1708.39,1704.19,1735.69,1798.9,1856.86,1847.77,1878.8,1895.47,1894.0,1949.89,1931.52,1968.14,2061.66,2185.85,2328.79,2481.06,2460.34,2482.78,2640.01,2758.24,2857.85,3119.88,3375.58,3696.94,3936.69,4198.55,4433.98,4710.5,4813.92,5360.36,5902.09,6323.53
Kiribati,KIR,"GDP per capita, PPP (current international $)",NY.GDP.PCAP.PP.CD,1189.35,1138.24,1416.3,1428.02,1463.05,1514.69,1517.27,1533.74,1584.19,1519.21,1630.25,1583.64,1601.55,1574.42,1575.8,1610.6,1725.79,1792.78,1739.22,1725.23,1731.36,1798.32,1908.68,2053.15,2085.0,2310.5,2462.85,2555.98,2662.07,2751.82,2721.61,3036.42,3314.94,3521.75
Kuwait,KWT,"GDP per capita, PPP (current international $)",NY.GDP.PCAP.PP.CD,30944.58,23598.23,36468.82,49024.37,54710.07,58071.38,57812.5,58274.55,59137.72,57085.63,59303.88,59036.37,60081.02,70030.44,77364.39,85020.76,89125.22,91475.78,90354.19,80108.26,75184.58,78759.97,80697.97,73891.42,66597.87,44408.35,41407.27,46903.18,51281.38,49939.12,40509.4,49669.0,56181.71,56386.29
Latvia,LVA,"GDP per capita, PPP (current international $)",NY.GDP.PCAP.PP.CD,7688.22,6980.07,4913.33,4874.33,5173.31,5513.88,5806.9,6486.27,7068.16,7405.83,8040.51,9047.21,10081.19,11061.62,12279.02,13913.85,15859.32,18240.67,19573.26,17023.3,17703.91,19248.46,21290.5,22639.16,23815.61,24972.84,26721.84,28673.62,30877.04,33294.51,33733.07,36777.89,41106.53,42501.03
Lebanon,LBN,"GDP per capita, PPP (current international $)",NY.GDP.PCAP.PP.CD,2991.56,4529.95,5281.48,5873.64,6369.62,6797.56,7560.76,7633.57,7865.92,7802.3,7953.94,8313.4,8618.75,8955.45,9660.44,10080.55,10380.68,11437.14,12511.81,13699.07,14837.5,15125.82,16300.05,16501.17,16326.74,17241.77,19135.61,21138.41,22108.44,21758.1,16373.05,11860.06,12852.67,
Lesotho,LSO,"GDP per capita, PPP (current international $)",NY.GDP.PCAP.PP.CD,768.6,835.77,900.02,940.05,1004.13,1046.09,1112.77,1163.48,1186.79,1204.1,1276.29,1350.94,1383.2,1478.16,1549.54,1660.18,1784.35,1903.01,2034.96,2007.6,2124.71,2252.04,2268.78,2516.92,2751.2,3014.72,2923.72,2602.52,2615.03,2549.54,2537.79,2516.98,2699.99,2793.86
Liberia,LBR,"GDP per capita, PPP (current international $)",NY.GDP.PCAP.PP.CD,791.49,799.75,501.65,331.27,265.65,257.56,285.86,554.7,659.56,770.38,976.36,997.72,1024.23,723.79,753.62,782.25,823.57,881.31,924.03,948.63,989.61,1050.73,1167.98,1373.32,1432.87,1354.12,1506.02,1683.1,1820.1,1921.79,1679.71,1558.74,1712.68,1819.05
Libya,LBY,"GDP per capita, PPP (current international $)",NY.GDP.PCAP.PP.CD,18016.67,21021.0,20432.9,19686.5,20070.49,19647.85,20065.69,21115.26,20269.03,20394.54,21217.85,20823.83,20443.21,22976.57,24019.1,26998.81,28968.8,30965.48,30847.21,29056.79,30261.34,16091.44,28240.34,22279.75,18455.64,18885.08,17905.78,19044.88,19961.35,17835.28,16261.88,18171.52,19487.9,19641.14
Liechtenstein,LIE,"GDP per capita, PPP (current international $)",NY.GDP.PCAP.PP.CD,,,,,,,,,,,,,,,,,,,,,,,,,,,,,,,,,,
Lithuania,LTU,"GDP per capita, PPP (current international $)",NY.GDP.PCAP.PP.CD,8885.84,8650.23,6974.07,6009.3,5576.78,5926.48,6383.33,7068.24,7762.51,7820.7,8446.93,9438.82,10480.7,12068.39,13030.83,14510.6,16483.85,19098.87,20721.14,18116.23,20093.35,22884.88,24703.74,26721.7,28184.28,28834.56,30925.24,33761.95,36376.53,40577.8,41168.21,46410.07,50997.28,51877.01
Luxembourg,LUX,"GDP per capita, PPP (current international $)",NY.GDP.PCAP.PP.CD,29929.05,33168.43,34085.82,35874.7,37526.26,38319.76,39707.46,42477.74,44267.18,49844.68,55124.29,56141.78,58575.68,60199.85,64694.43,68787.85,78878.03,85129.19,90970.72,86873.26,90346.07,94475.03,96636.43,100925.01,105296.28,107859.69,113365.18,114985.84,116498.51,121403.82,122114.1,137947.34,146457.02,143341.47
Madagascar,MDG,"GDP per capita, PPP (current international $)",NY.GDP.PCAP.PP.CD,1182.78,1111.75,1116.06,1130.96,1118.87,1125.24,1133.87,1158.68,1179.91,1214.62,1258.64,1323.69,1143.1,1242.73,1304.49,1368.78,1444.26,1522.88,1608.88,1509.98,1494.34,1506.47,1495.24,1505.96,1532.78,1531.29,1598.14,1583.46,1583.95,1652.49,1528.78,1642.3,1781.78,1875.11
Malawi,MWI,"GDP per capita, PPP (current international $)",NY.GDP.PCAP.PP.CD,671.94,732.88,675.13,747.63,693.89,828.5,888.03,919.58,946.35,967.18,981.82,931.63,938.87,986.62,1040.24,1078.02,1131.33,1237.94,1319.66,1397.19,1468.31,1528.12,1476.1,1571.44,1518.67,1415.23,1422.28,1392.47,1375.89,1465.55,1560.96,1728.83,1820.45,1867.67
Malaysia,MYS,"GDP per capita, PPP (current international $)",NY.GDP.PCAP.PP.CD,7010.91,7719.34,8360.46,9147.1,9922.49,10823.38,11800.41,12543.32,11448.36,12015.5,13040.14,13062.71,13633.44,14352.47,15369.27,16316.19,17366.21,18552.07,19413.52,18860.66,20149.84,21308.22,22640.54,23191.22,24377.74,24655.83,25496.98,26729.38,28232.52,29495.4,28045.39,30456.09,35040.31,37247.7
Maldives,MDV,"GDP per capita, PPP (current international $)",NY.GDP.PCAP.PP.CD,4527.44,4600.96,4873.08,5122.09,5494.81,6191.06,6654.67,7196.12,7686.5,8148.27,8518.66,8226.69,8809.69,10048.96,10741.98,9678.97,12043.1,12813.41,13736.35,12251.57,12788.7,13684.6,13948.66,15223.85,16580.75,17570.27,18317.3,19175.62,21154.53,22309.8,13103.85,18865.72,22900.06,24808.71
Mali,MLI,"GDP per capita, PPP (current international $)",NY.GDP.PCAP.PP.CD,758.94,859.57,833.81,862.5,894.89,902.61,963.52,1004.91,1066.26,1111.95,1103.88,1263.54,1282.21,1381.73,1394.71,1482.61,1547.57,1591.6,1644.77,1678.9,1732.38,1766.84,1718.45,1778.17,1886.42,2011.57,2176.57,2244.56,2307.17,2437.56,2351.29,2399.46,2576.66,2725.96
Malta,MLT,"GDP per capita, PPP (current international $)",NY.GDP.PCAP.PP.CD,10108.6,10809.01,11455.14,12130.35,12967.64,13981.44,14656.28,15488.49,16220.37,16937.77,18357.89,18516.19,19980.11,20930.48,21545.7,22306.4,23320.7,25064.45,26522.86,26648.33,28716.53,28971.59,30242.27,32294.19,34341.58,37452.47,39704.33,43489.35,45871.34,50327.68,46466.93,53492.2,59284.27,62445.68
Marshall Islands,MHL,"GDP per capita, PPP (current international $)",NY.GDP.PCAP.PP.CD,2042.0,2067.74,2220.48,2363.91,2510.33,2726.32,2449.8,2294.91,2270.11,2243.23,2333.45,2542.48,2671.79,2682.14,2738.11,2879.54,2981.94,3177.33,3003.26,3146.57,3369.41,3460.38,3529.86,3781.19,3872.88,4072.42,4293.21,4642.97,5148.83,5940.4,6024.68,6577.49,7073.97,7491.39
Mauritania,MRT,"GDP per capita, PPP (current international $)",NY.GDP.PCAP.PP.CD,2014.41,2057.93,2063.18,2146.64,2053.64,2239.57,2365.11,2257.05,2284.9,2338.08,2233.95,2211.16,2228.24,2377.73,2502.33,2740.68,3268.43,3215.44,3185.89,3122.46,3151.36,3250.97,3448.7,3822.2,3870.51,3997.51,4722.88,5418.16,5514.37,5717.45,5870.3,5988.2,6644.78,6934.28
Mauritius,MUS,"GDP per capita, PPP (current international $)",NY.GDP.PCAP.PP.CD,5008.07,5349.02,5751.05,6113.66,6412.06,6768.74,7203.76,7648.4,8118.17,8341.3,9139.7,9582.34,9819.99,10530.75,11211.65,11699.25,12587.97,13607.33,14563.89,15099.35,15913.91,16877.47,17249.89,18225.24,19066.44,20011.33,21670.46,22595.73,23068.24,24027.12,21326.22,22737.57,26579.76,29498.47
Mexico,MEX,"GDP per capita, PPP (current international $)",NY.GDP.PCAP.PP.CD,8693.6,9196.45,9587.18,9145.72,9567.53,9021.74,9585.91,10274.09,10847.92,11119.94,11794.32,11821.97,11835.49,12130.85,12712.41,13306.66,14591.58,15097.29,15779.19,15322.63,16063.17,17432.15,18170.02,18333.37,18983.78,19217.86,20225.71,20582.25,21015.93,21095.71,19473.09,21131.92,23859.13,25601.63
Monaco,MCO,"GDP per capita, PPP (current international $)",NY.GDP.PCAP.PP.CD,,,,,,,,,,,,,,,,,,,,,,,,,,,,,,,,,,
Mongolia,MNG,"GDP per capita, PPP (current international $)",NY.GDP.PCAP.PP.CD,3378.32,3132.93,2860.37,2793.15,2874.18,3082.94,3173.2,3318.87,3434.55,3555.59,3644.06,3802.59,4008.76,4336.29,4884.31,5357.88,5944.61,6668.33,7322.38,7184.54,7632.24,8998.69,10323.89,10640.06,11126.62,10677.42,10717.13,11285.58,12489.55,13753.31,13829.8,14951.14,16559.07,18108.0
Montenegro,MNE,"GDP per capita, PPP (current international $)",NY.GDP.PCAP.PP.CD,,,,,,,,5797.26,6168.47,5683.25,6002.57,6772.34,7238.05,7341.23,7842.4,8313.56,10458.6,12461.99,13816.2,13021.53,13633.08,14471.62,13863.18,14869.4,15370.05,16331.65,18198.63,19680.43,21511.9,24139.82,21003.78,24509.94,28319.59,31216.38
Morocco,MAR,"GDP per capita, PPP (current international $)",NY.GDP.PCAP.PP.CD,2755.03,3002.41,2957.29,2957.42,3289.76,3129.13,3526.55,3478.93,3717.88,3780.83,3912.58,4252.2,4421.05,4726.94,5011.45,5262.01,5768.97,6048.78,6430.94,6625.5,6848.37,7275.17,7307.21,7537.41,7227.01,7781.69,7833.42,8095.37,7780.99,8024.41,7681.84,8581.33,9205.34,9743.31
Mozambique,MOZ,"GDP per capita, PPP (current international $)",NY.GDP.PCAP.PP.CD,291.39,310.07,287.69,317.77,329.09,328.12,358.71,397.09,432.68,478.92,481.56,541.89,588.21,626.64,678.33,724.75,800.36,862.28,915.04,949.58,997.01,1058.67,1069.3,1104.93,1154.62,1303.37,1361.21,1264.65,1307.33,1370.4,1393.76,1440.46,1565.55,1657.11
Myanmar,MMR,"GDP per capita, PPP (current international $)",NY.GDP.PCAP.PP.CD,438.0,443.44,490.64,525.59,569.47,613.94,657.13,697.43,737.51,820.13,943.59,1063.17,1197.41,1376.94,1591.72,1849.3,2139.3,2442.59,2728.98,3017.76,3323.28,3552.47,3816.0,4112.08,4342.9,4424.49,4425.45,4671.02,5539.55,6055.42,5697.29,5138.89,5682.54,5905.24
Namibia,NAM,"GDP per capita, PPP (current international $)",NY.GDP.PCAP.PP.CD,3876.3,4191.91,4450.82,4341.35,4370.04,4500.14,4600.68,4753.15,4842.63,4955.8,5127.22,5197.96,5437.43,5698.69,6488.7,6779.41,7393.54,7902.76,8158.71,8116.4,8581.07,9061.27,9481.2,9910.39,10684.81,10885.85,10708.8,10483.08,10556.81,10410.13,10254.8,10785.08,11987.41,12756.54
Nauru,NRU,"GDP per capita, PPP (current international $)",NY.GDP.PCAP.PP.CD,11676.63,9478.47,7936.18,6750.23,6596.85,6176.26,5527.91,5110.86,4552.9,4311.56,4109.3,3923.03,3590.9,3674.7,3613.84,3440.49,3252.31,3193.43,5729.42,5449.82,5511.74,6426.37,8015.09,8289.23,9549.92,9749.73,10023.27,9354.58,9295.23,10083.17,10223.01,11340.04,12246.79,12670.55
Nepal,NPL,"GDP per capita, PPP (current international $)",NY.GDP.PCAP.PP.CD,825.67,884.75,916.07,948.01,1022.45,1055.35,1108.17,1160.48,1185.77,1232.74,1316.13,1387.95,1390.26,1453.51,1543.2,1629.35,1720.8,1814.39,1949.99,2039.92,2153.43,2264.33,2484.26,2678.26,2923.41,2980.15,2986.2,3582.69,3896.86,4198.84,4180.44,4461.47,4959.88,5181.84
Netherlands,NLD,"GDP per capita, PPP (current international $)",NY.GDP.PCAP.PP.CD,19162.03,20133.93,20786.35,21396.99,22365.76,23430.28,24506.95,26012.24,27708.76,29268.54,31874.88,33189.97,34447.21,34151.5,35810.81,37625.56,41013.55,43949.16,46420.2,44555.61,45036.1,46599.02,47272.1,49241.52,49233.22,50288.59,52288.42,55088.63,57826.63,61089.58,61068.41,67693.33,74541.8,78215.07
New Caledonia,NCL,"GDP per capita, PPP (current international $)",NY.GDP.PCAP.PP.CD,,,,,,,,,,,,,,,,,,,,,,,,,,,,,,,,,,
New Zealand,NZL,"GDP per capita, PPP (current international $)",NY.GDP.PCAP.PP.CD,14871.46,14560.45,14937.45,15964.26,17111.15,17885.35,18441.63,19127.3,19319.98,20579.37,21500.63,22521.04,23306.28,23987.37,25096.69,25677.42,27744.06,29353.5,29827.14,30682.95,31214.05,32702.15,32989.37,36243.24,37297.81,37488.05,39946.23,42206.92,42499.38,45163.7,45283.47,48194.04,52327.7,54109.8
Nicaragua,NIC,"GDP per capita, PPP (current international $)",NY.GDP.PCAP.PP.CD,1948.01,1963.87,1970.9,1965.5,2030.26,2150.43,2284.95,2375.31,2451.8,2621.74,2751.14,2857.59,2887.05,2981.94,3186.98,3384.65,3584.56,3814.98,3965.27,3802.99,3960.54,4234.83,4411.26,4606.23,4951.69,5319.83,5738.24,6067.53,5779.71,5819.32,6075.56,6873.73,7526.29,8043.74
Niger,NER,"GDP per capita, PPP (current international $)",NY.GDP.PCAP.PP.CD,731.64,730.03,738.27,734.66,740.09,748.88,738.09,737.28,792.67,775.23,756.85,801.93,825.29,830.24,825.83,881.96,928.89,948.85,1004.33,992.92,1051.24,1057.84,1154.18,1129.64,1151.97,1161.21,1175.15,1191.34,1254.01,1389.16,1458.94,1538.47,1775.6,1817.34
Nigeria,NGA,"GDP per capita, PPP (current international $)",NY.GDP.PCAP.PP.CD,2057.02,2080.21,2170.67,2121.97,2073.85,2062.38,2133.66,2178.53,2203.73,2191.54,2293.12,2418.53,2757.64,2938.49,3208.97,3429.05,3649.26,3888.37,4117.86,4355.81,4632.79,4843.6,4907.7,5153.79,5442.99,5377.75,5202.73,5171.43,5251.03,5525.44,5499.38,5623.66,6069.19,6318.16
North Macedonia,MKD,"GDP per capita, PPP (current international $)",NY.GDP.PCAP.PP.CD,5397.58,5255.03,5068.36,4851.76,4903.67,4946.92,5070.96,5225.76,5448.08,5724.47,6152.61,6051.72,6519.27,6608.98,7230.31,7972.2,8890.32,9638.85,10924.06,11525.94,11992.99,12420.16,12725.25,13662.08,14484.09,15033.13,16456.93,17159.47,18459.25,20221.81,19961.39,22371.5,24179.57,24872.74
Northern Mariana Islands,MNP,"GDP per capita, PPP (current international $)",NY.GDP.PCAP.PP.CD,,,,,,,,,,,,,,,,,,,,,,,,,,,,,,,,,,
Norway,NOR,"GDP per capita, PPP (current international $)",NY.GDP.PCAP.PP.CD,18448.55,19567.25,20609.24,21569.25,23012.11,24344.3,26816.31,28603.37,28198.43,30573.73,36986.49,37833.48,38056.24,38684.71,42672.94,47966.86,54369.18,56181.3,62072.75,55618.63,58219.61,62460.09,65774.35,67377.93,66332.46,60737.89,59280.2,64589.56,70253.85,70939.61,67110.6,89209.14,124252.83,104459.81
Oman,OMN,"GDP per capita, PPP (current international $)",NY.GDP.PCAP.PP.CD,26299.14,27460.31,29068.2,30235.85,31149.11,32791.98,33828.88,35909.56,36714.49,36826.44,39585.98,41750.44,41426.44,40644.54,41638.88,43203.0,46094.63,48596.52,52678.19,55273.16,53263.23,50267.65,50152.42,47225.75,44160.5,35998.98,33279.35,33586.5,37753.4,37157.32,35001.51,38930.99,42938.44,44421.2
Pakistan,PAK,"GDP per capita, PPP (current international $)",NY.GDP.PCAP.PP.CD,1907.44,2005.9,2152.43,2185.54,2249.37,2340.38,2423.77,2418.4,2436.48,2489.21,2573.66,2644.65,2687.17,2825.68,3059.74,3313.02,3546.65,3724.04,3792.73,3861.59,3878.85,3980.07,4155.89,4290.54,4437.52,4614.51,4774.17,4942.14,5142.48,5206.91,5221.44,5554.59,6112.32,6212.04
Palau,PLW,"GDP per capita, PPP (current international $)",NY.GDP.PCAP.PP.CD,9582.9,10162.35,9507.45,8339.73,8927.05,9849.83,10746.69,10838.11,10850.0,10125.75,9908.58,10734.78,11435.18,11268.61,12011.14,12859.75,13382.99,14169.39,13837.58,13101.33,13344.48,14552.36,15255.04,15162.73,16251.78,18003.62,18312.46,17959.43,18459.3,18884.87,17631.07,15781.98,16803.09,17490.75
Panama,PAN,"GDP per capita, PPP (current international $)",NY.GDP.PCAP.PP.CD,5268.21,5835.33,6325.49,6689.6,6884.89,7008.38,7279.0,7725.75,8219.93,8492.24,8746.25,8820.32,8981.12,9361.76,10139.99,10997.86,12088.65,13648.69,15004.39,15009.47,15792.09,17624.98,19639.8,22090.76,24545.03,27409.24,30427.09,33628.23,32473.08,33229.5,27022.64,30895.83,36169.59,39695.08
Papua New Guinea,PNG,"GDP per capita, PPP (current international $)",NY.GDP.PCAP.PP.CD,1717.12,1883.26,2115.72,2467.68,2574.1,2450.34,2592.99,2445.53,2297.19,2291.52,2207.43,2179.15,2136.72,2153.55,2198.66,2335.16,2458.19,2638.39,2599.77,2709.83,2931.19,2938.25,3046.53,3131.42,3524.06,3695.55,3839.51,3950.68,3937.28,4089.26,3926.78,3992.94,4409.23,4607.38
Paraguay,PRY,"GDP per capita, PPP (current international $)",NY.GDP.PCAP.PP.CD,5604.23,5839.64,5919.17,6200.35,6507.65,6929.96,7003.99,7262.67,7192.32,7047.61,6906.1,6884.84,6891.2,7239.48,7645.72,7964.63,8515.07,9128.44,9812.21,9747.79,10835.45,11384.37,10905.66,12090.11,12563.79,12640.38,13291.94,13940.52,14104.1,14117.17,14276.55,15361.08,16284.7,17465.86
Peru,PER,"GDP per capita, PPP (current international $)",NY.GDP.PCAP.PP.CD,3352.29,3468.23,3457.03,3650.63,4105.55,4416.51,4538.19,4826.67,4776.53,4835.26,5001.4,5076.95,5373.45,5648.08,6028.49,6548.8,7199.21,7962.6,8793.46,8882.01,9665.65,10400.95,10685.12,11207.53,11427.38,11504.35,11963.34,12479.96,12953.82,13408.35,12387.45,15028.63,16363.09,16717.38
Philippines,PHL,"GDP per capita, PPP (current international $)",NY.GDP.PCAP.PP.CD,2662.86,2676.52,2684.9,2743.07,2856.44,2980.71,3136.41,3274.11,3215.48,3292.45,3437.53,3546.24,3658.93,3842.63,4122.44,4376.3,4662.42,5006.41,5225.9,5237.03,5587.87,5818.59,6227.5,6524.72,6849.94,7046.94,7513.63,7874.39,8426.75,8958.37,8230.31,8797.17,9983.29,10755.5
Poland,POL,"GDP per capita, PPP (current international $)",NY.GDP.PCAP.PP.CD,6180.99,5920.68,6188.89,6555.74,7035.26,7680.09,8275.19,8934.98,9487.69,10040.9,10673.48,11123.0,11804.27,12289.14,13354.06,13896.79,15152.25,16806.65,18303.35,19239.37,20887.21,22658.38,23589.15,24319.88,25316.33,26822.66,28165.84,29958.12,32027.6,35487.91,36322.04,40462.69,46720.57,49463.99
Portugal,PRT,"GDP per capita, PPP (current international $)",NY.GDP.PCAP.PP.CD,11771.92,12730.95,13173.17,13193.73,13568.92,14396.84,14916.44,15785.79,16686.94,17718.15,18879.06,19530.68,20356.65,20852.24,21478.43,22725.28,24682.56,25738.94,26665.84,26458.11,27257.23,26769.51,26438.02,27936.04,28742.44,29660.9,31607.75,33044.72,34928.54,37845.21,35874.78,38783.01,44484.3,48758.86
Puerto Rico,PRI,"GDP per capita, PPP (current international $)",NY.GDP.PCAP.PP.CD,13409.94,14082.93,14964.35,15896.12,16758.75,17723.98,18260.05,19301.2,20479.56,21779.45,22938.03,24881.98,25467.36,25967.78,28993.07,29350.31,29955.58,30588.0,30782.45,30533.68,30933.22,31824.15,32312.01,32623.93,32850.54,32899.94,32944.02,32686.46,34734.0,37453.79,36858.98,40559.7,45559.2,47699.56
Qatar,QAT,"GDP per capita, PPP (current international $)",NY.GDP.PCAP.PP.CD,55469.81,54562.78,60177.36,58942.94,59270.06,60226.45,62302.34,79205.87,84419.72,84579.27,88718.23,89685.0,92917.64,93637.07,110300.07,112086.02,121889.58,121709.4,124502.07,125790.33,143090.68,157255.39,163542.78,159305.02,144186.3,99572.39,85843.6,93278.5,102635.59,101046.81,83154.15,108865.14,121124.66,
Romania,ROU,"GDP per capita, PPP (current international $)",NY.GDP.PCAP.PP.CD,5276.72,4791.9,4511.99,4695.94,4992.05,5425.39,5743.53,5563.07,5544.29,5596.49,5848.85,6520.64,7301.26,7560.36,8990.43,9601.99,11556.49,13702.97,16781.74,16631.08,17352.32,18801.78,19808.21,19676.1,20630.68,21622.87,23903.83,26940.75,29566.06,33549.39,34293.17,37969.15,42973.19,47903.34
Russian Federation,RUS,"GDP per capita, PPP (current international $)",NY.GDP.PCAP.PP.CD,8027.79,7857.85,6862.41,6419.54,5734.42,5613.28,5517.86,5699.95,5465.06,5914.33,6825.39,7361.36,8037.47,9254.54,10226.77,11822.35,14912.23,16648.24,20163.61,19389.94,20490.13,22789.54,24273.52,26019.73,25688.23,23994.01,24012.4,25777.9,28628.56,30963.85,31490.8,38938.5,40957.77,44103.55
Rwanda,RWA,"GDP per capita, PPP (current international $)",NY.GDP.PCAP.PP.CD,552.97,544.95,576.89,525.68,313.62,512.61,498.38,505.58,539.12,563.78,617.07,675.02,762.19,776.22,834.65,917.09,1005.44,1081.97,1193.47,1242.61,1315.22,1412.48,1453.13,1511.15,1677.02,1780.29,1864.56,1963.39,2118.06,2325.31,2270.9,2709.46,3065.15,3361.11
Samoa,WSM,"GDP per capita, PPP (current international $)",NY.GDP.PCAP.PP.CD,2159.22,2174.24,2204.99,2328.37,2294.27,2473.05,2671.45,2706.97,2768.91,2840.71,3023.2,3292.48,3511.81,3751.53,3957.98,4340.34,4551.41,4670.34,4895.96,4864.24,5184.75,5448.41,5294.92,5341.88,5421.48,5631.85,6080.35,6213.22,6254.42,6573.43,6362.41,6074.69,6057.2,6680.61
San Marino,SMR,"GDP per capita, PPP (current international $)",NY.GDP.PCAP.PP.CD,,,,,,,,44780.55,47913.9,52172.4,53665.39,56849.66,56599.78,58627.82,61878.53,64447.07,67940.6,73725.92,73971.12,65974.25,62024.57,56456.3,51795.75,50398.19,51746.1,51199.77,51884.12,52107.56,55044.48,58259.28,56445.23,65717.89,,
Sao Tome and Principe,STP,"GDP per capita, PPP (current international $)",NY.GDP.PCAP.PP.CD,1537.36,1572.62,1586.66,1609.68,1648.27,1685.39,1711.95,1730.15,1765.96,1809.6,1834.24,1899.39,1946.05,2094.21,2171.05,2328.42,2549.26,2647.84,2798.44,2841.34,2853.3,2908.03,2687.78,2936.48,3221.41,3158.37,3304.25,3418.7,3919.46,4629.3,5116.16,5703.25,5994.0,6063.65
Saudi Arabia,SAU,"GDP per capita, PPP (current international $)",NY.GDP.PCAP.PP.CD,32481.02,37112.91,38039.95,37194.3,37117.02,36927.48,37558.51,37604.77,38106.68,36240.84,38169.71,37616.47,36242.08,40175.77,43577.68,46018.08,46867.34,47137.27,49118.28,46625.26,48005.88,53049.88,54476.85,53452.54,53704.8,47405.67,44695.47,46419.03,48892.7,47149.18,39824.63,47754.43,54251.64,54991.72
Senegal,SEN,"GDP per capita, PPP (current international $)",NY.GDP.PCAP.PP.CD,1550.13,1598.86,1611.13,1626.47,1616.92,1697.6,1721.57,1763.1,1845.27,1943.43,2016.68,2100.39,2083.57,2189.04,2294.2,2406.18,2473.0,2543.94,2618.98,2636.14,2684.88,2702.26,2780.69,2792.25,2890.94,3043.74,3160.65,3302.05,3453.92,3728.23,3833.54,4258.79,4612.69,4833.03
Serbia,SRB,"GDP per capita, PPP (current international $)",NY.GDP.PCAP.PP.CD,,,,,,4826.18,5227.57,5716.97,5997.06,5528.73,6019.86,6483.95,7364.75,7646.17,8487.7,9181.6,10209.04,11238.62,12631.77,12533.37,12795.51,13746.12,13933.15,14628.27,14658.53,14927.35,15857.44,16609.45,17716.73,19688.25,20065.45,22574.23,25057.42,27401.79
Seychelles,SYC,"GDP per capita, PPP (current international $)",NY.GDP.PCAP.PP.CD,8954.95,9387.46,10242.99,11019.57,10691.77,10808.81,11930.8,13457.58,13674.55,13852.88,14637.96,14614.83,14569.63,14141.72,14160.41,15846.05,17503.2,19473.42,18880.57,18453.44,18981.66,21780.71,22263.82,22487.25,24984.53,25435.23,28811.4,30674.65,32091.3,34219.06,31055.94,29979.83,30550.32,32693.64
Sierra Leone,SLE,"GDP per capita, PPP (current international $)",NY.GDP.PCAP.PP.CD,764.6,799.29,673.87,700.28,698.17,654.39,674.44,637.3,649.34,641.86,683.43,617.69,749.97,804.32,850.47,891.16,937.14,1016.67,1065.37,1076.48,1129.96,1190.1,1379.63,1707.38,1735.52,1542.79,1608.41,1555.27,1622.06,1623.65,1587.26,1623.98,1759.75,1846.68
Singapore,SGP,"GDP per capita, PPP (current international $)",NY.GDP.PCAP.PP.CD,23815.16,25530.37,27021.84,30062.14,33057.54,35090.07,36872.7,39286.43,37559.61,39948.78,43781.27,43109.06,45083.25,48778.3,54383.81,58821.69,64060.57,68804.98,67735.35,66212.96,75400.56,80052.39,82107.73,83088.32,84555.24,87156.19,89735.17,95628.24,103899.68,105542.41,101612.09,131864.09,141796.1,141500.22
Sint Maarten (Dutch part),SXM,"GDP per capita, PPP (current international $)",NY.GDP.PCAP.PP.CD,,,,,,,,,,,,,,,,,,,,35658.74,37446.09,40719.21,35913.25,35434.01,42344.54,43032.62,43990.57,44918.16,42485.54,46565.49,39535.87,41365.81,48403.64,51527.1
Slovenia,SVN,"GDP per capita, PPP (current international $)",NY.GDP.PCAP.PP.CD,13472.24,12680.37,12278.74,12958.04,13955.95,13618.5,14303.32,15279.96,16055.95,17083.25,18003.52,18953.79,20241.53,21113.56,22761.58,23852.64,25720.28,27576.4,29604.29,27536.95,27822.07,28931.38,29042.82,29973.7,30870.02,31628.25,33936.04,36507.55,38971.82,42747.96,42040.91,46502.1,51281.86,54947.47
Solomon Islands,SLB,"GDP per capita, PPP (current international $)",NY.GDP.PCAP.PP.CD,1294.66,1377.2,1541.48,1594.0,1709.61,1866.82,1877.17,1839.76,1833.23,1801.23,1539.57,1414.71,1364.35,1448.45,1565.8,1695.27,1779.5,1852.23,1961.23,1984.34,2152.23,2303.04,2344.33,2446.19,2455.12,2456.58,2553.32,2614.33,2682.57,2710.56,2591.31,2714.19,2907.64,3034.85
Somalia,SOM,"GDP per capita, PPP (current international $)",NY.GDP.PCAP.PP.CD,429.05,474.72,465.38,481.01,383.93,393.43,417.72,415.38,429.79,449.5,473.34,498.45,525.12,555.84,589.67,629.62,670.78,713.05,753.3,789.03,831.07,890.91,930.27,1090.07,1289.9,1527.73,1647.46,1735.09,1635.76,1690.24,1562.09,1461.97,1554.6,1611.28
South Africa,ZAF,"GDP per capita, PPP (current international $)",NY.GDP.PCAP.PP.CD,6520.69,6504.02,6377.6,6490.46,6723.77,6962.01,7282.47,7496.03,7523.95,7727.18,8155.21,8488.47,8858.38,9214.12,9800.75,10541.35,11365.32,12174.91,12661.2,12395.06,12773.74,13281.5,13142.59,13569.25,13570.15,13600.62,13719.94,13979.52,13643.77,13706.71,13062.67,14172.54,15330.77,15847.43
South Sudan,SSD,"GDP per capita, PPP (current international $)",NY.GDP.PCAP.PP.CD,,,,,,,,,,,,,,,,,,,2885.33,2915.56,2957.62,2730.01,1424.62,1927.25,1375.42,1145.94,,,,,,,,
Spain,ESP,"GDP per capita, PPP (current international $)",NY.GDP.PCAP.PP.CD,13676.31,14461.92,14856.01,14973.42,15583.26,16276.74,16973.85,17909.44,19096.48,19954.29,21586.99,22955.97,24371.6,25047.5,26144.38,27606.93,30720.01,32476.89,33263.27,32091.43,31677.22,31867.97,31720.27,32444.46,33540.36,34919.39,37305.63,39550.19,40716.68,43739.63,38967.34,43620.6,48685.5,52779.23
Sri Lanka,LKA,"GDP per capita, PPP (current international $)",NY.GDP.PCAP.PP.CD,2402.33,2566.12,2707.76,2929.77,3127.24,3337.69,3500.04,3762.46,3959.54,4163.67,4488.0,4483.77,4686.8,5012.75,5375.69,5835.38,6412.45,6960.98,7440.56,7676.91,8317.5,9140.5,10323.44,10961.48,11465.95,12017.03,12946.41,13576.42,14178.02,14112.95,12940.9,14316.14,14182.31,14455.3
Sudan,SDN,"GDP per capita, PPP (current international $)",NY.GDP.PCAP.PP.CD,1520.11,1658.79,1780.05,1874.34,1887.45,1989.28,2094.01,2457.57,2534.49,2586.53,2732.37,2892.64,3030.89,3198.73,3361.2,3558.41,3789.64,3986.03,4087.03,3876.3,3955.03,4293.56,3896.47,3910.75,4470.14,4421.75,4684.09,4465.09,4422.37,4123.92,3525.56,3420.45,3532.07,3137.16
Suriname,SUR,"GDP per capita, PPP (current international $)",NY.GDP.PCAP.PP.CD,6488.56,6835.7,6960.21,6602.88,6904.94,6920.85,6968.18,7342.61,7450.12,7311.86,7498.4,7851.64,8060.13,8596.35,9450.44,10073.92,10864.09,11597.2,12172.28,12475.12,13131.21,14030.21,15307.96,16318.18,16763.39,16720.43,14632.25,17751.68,18029.85,19951.61,17093.51,18447.34,20061.35,21047.18
Sweden,SWE,"GDP per capita, PPP (current international $)",NY.GDP.PCAP.PP.CD,20411.17,20717.9,20822.05,20754.41,21874.64,23090.72,23925.74,24801.24,25887.66,27471.56,29622.04,29936.45,30926.51,31816.62,33859.57,34244.47,37729.93,40914.44,42158.3,40278.28,42216.62,44608.58,45432.43,46312.39,47184.67,49103.13,50430.25,51947.95,53521.63,57229.78,57690.32,63375.04,68088.19,70206.61
Switzerland,CHE,"GDP per capita, PPP (current international $)",NY.GDP.PCAP.PP.CD,28442.33,28773.01,29093.32,29475.75,30245.38,30821.44,31497.74,32728.01,33857.65,34742.63,36695.21,37822.93,38704.96,38737.31,40176.57,41524.85,46275.55,50929.49,53808.78,52971.37,54432.33,57493.58,59440.92,61656.47,63417.04,65265.05,67350.75,68193.51,70688.82,73732.24,72997.82,81603.21,90746.45,92980.4
Syrian Arab Republic,SYR,"GDP per capita, PPP (current international $)",NY.GDP.PCAP.PP.CD,,,,,,,,,,,,,,,,,,,,,,,,,,,,3306.57,3499.58,3546.66,3507.09,2914.53,,
Tajikistan,TJK,"GDP per capita, PPP (current international $)",NY.GDP.PCAP.PP.CD,2573.64,2410.18,1719.31,1455.56,1152.61,1011.12,840.71,858.0,907.85,949.7,1038.07,1138.49,1255.01,1392.74,1547.64,1671.67,1810.33,1967.89,2124.01,2177.65,2300.2,2468.58,2698.5,2947.3,3189.28,3017.28,2960.71,3071.23,3129.36,3531.48,3732.87,4074.56,4614.42,5082.17
Thailand,THA,"GDP per capita, PPP (current international $)",NY.GDP.PCAP.PP.CD,4411.03,4873.57,5308.16,5797.17,6303.46,6862.81,7287.02,7116.61,6565.8,6885.4,7282.31,7632.17,8154.0,8836.49,9565.93,10199.34,10953.28,11771.45,12114.4,12018.29,12990.79,13284.12,14675.63,15274.23,15421.42,15846.52,16730.94,17638.28,18942.11,20023.45,19208.2,20280.93,22213.8,23422.92
Timor-Leste,TLS,"GDP per capita, PPP (current international $)",NY.GDP.PCAP.PP.CD,687.3,771.86,859.73,955.93,1030.41,1105.71,1198.22,1249.49,1220.79,788.78,1258.13,1472.27,1369.41,1340.79,1354.2,1403.73,1352.24,1494.19,1657.95,1798.71,1948.49,2060.82,2380.28,2559.71,2852.8,3115.43,3426.31,3516.03,3624.66,4617.03,6255.0,6970.0,5838.24,5108.71
Togo,TGO,"GDP per capita, PPP (current international $)",NY.GDP.PCAP.PP.CD,1145.35,1142.12,1089.96,953.82,1116.25,1175.38,1253.93,1412.35,1355.31,1368.2,1349.39,1353.99,1390.86,1474.69,1460.67,1399.36,1439.75,1419.5,1462.92,1509.49,1574.65,1656.16,1686.67,1758.62,1848.69,1927.45,1982.61,2037.19,2121.58,2273.82,2420.17,2646.83,2927.34,3155.32
Tonga,TON,"GDP per capita, PPP (current international $)",NY.GDP.PCAP.PP.CD,2141.23,2348.92,2402.43,2545.36,2721.92,2976.7,3079.21,3156.05,3247.89,3394.67,3480.78,3670.87,3886.28,4030.95,4015.48,4121.31,4219.84,4327.66,4607.87,4386.55,4465.57,4858.14,4994.4,5114.91,5332.1,5470.51,5908.49,6231.33,6405.56,6571.53,6671.59,6742.46,7016.37,
Trinidad and Tobago,TTO,"GDP per capita, PPP (current international $)",NY.GDP.PCAP.PP.CD,6799.91,7193.54,8041.6,8123.59,8544.03,9011.0,9788.63,10668.03,11625.59,12693.13,13822.96,14653.4,15973.91,18537.17,20433.89,22253.89,25822.17,27623.33,28944.52,27677.35,28757.8,29064.31,29966.84,29693.37,29926.62,27758.83,26122.02,26364.23,26644.5,26641.39,23972.05,27631.68,29910.14,31572.1
Tunisia,TUN,"GDP per capita, PPP (current international $)",NY.GDP.PCAP.PP.CD,3727.95,3919.6,4233.63,4342.73,4493.36,4619.19,4966.97,5256.52,5501.28,5849.87,6197.51,6510.63,6633.26,7013.35,7577.88,8013.14,8614.47,9355.09,9846.37,10110.06,10430.03,10297.42,10458.05,10521.49,10798.76,10637.46,10845.97,11134.96,11675.19,12314.09,11734.17,12159.05,13253.39,13681.61
Turkmenistan,TKM,"GDP per capita, PPP (current international $)",NY.GDP.PCAP.PP.CD,5378.15,5163.1,4370.83,4422.9,3644.25,3376.32,3604.97,3202.48,3415.31,3972.78,4221.14,4439.59,4458.73,4636.17,4935.83,5676.39,6404.08,7201.99,8295.71,8717.8,9476.38,10901.53,11742.75,12522.4,13384.5,13705.59,14001.34,14476.85,15767.29,17100.09,,,,
Turks and Caicos Islands,TCA,"GDP per capita, PPP (current international $)",NY.GDP.PCAP.PP.CD,,,,,,,,,,,,,,,,,,,,,,22996.43,20643.9,20944.4,22502.64,24056.91,25624.37,25895.78,26799.39,26805.81,16514.38,21253.08,23848.62,24819.56
Tuvalu,TUV,"GDP per capita, PPP (current international $)",NY.GDP.PCAP.PP.CD,1596.57,1678.69,1743.95,1848.72,2073.21,2005.3,1915.08,2138.75,2497.01,2491.19,2523.42,2584.8,2878.56,2790.63,2765.36,2686.21,2803.22,3048.65,3274.86,3048.75,2976.62,3199.67,3144.65,3317.66,3381.32,3775.82,4036.73,4218.96,4360.58,5004.69,4804.46,5053.75,5394.23,5763.45
Uganda,UGA,"GDP per capita, PPP (current international $)",NY.GDP.PCAP.PP.CD,665.24,702.56,718.23,769.42,808.67,896.01,968.56,1005.81,1035.73,1098.83,1123.25,1171.85,1254.38,1320.11,1405.68,1497.4,1660.92,1795.97,1932.59,2017.09,2094.73,2271.73,2035.75,2048.56,2137.47,2193.13,2168.14,2160.66,2314.87,2444.25,2535.22,2688.27,2920.66,3098.11
Ukraine,UKR,"GDP per capita, PPP (current international $)",NY.GDP.PCAP.PP.CD,7614.34,7171.92,6590.16,5785.19,4578.24,4136.52,3824.81,3808.6,3812.14,3894.9,4260.8,4790.21,5173.3,5824.55,6737.6,7214.94,8054.83,9006.36,9436.79,8093.63,8561.16,9246.77,9681.52,11056.54,10664.62,10064.84,11011.97,11686.86,12708.8,14380.86,15716.84,18040.35,16080.23,18007.49
United Arab Emirates,ARE,"GDP per capita, PPP (current international $)",NY.GDP.PCAP.PP.CD,86860.65,85689.6,85958.07,84814.85,88395.54,92132.46,93906.18,96824.2,92315.01,90851.14,97402.3,95759.53,94694.42,100108.89,107561.18,108503.8,107356.07,94912.05,83886.38,69932.41,67769.53,72666.75,74503.07,75169.05,77756.47,68409.23,67256.77,69205.73,76767.49,78839.09,66153.26,68912.55,78915.25,83902.67
United Kingdom,GBR,"GDP per capita, PPP (current international $)",NY.GDP.PCAP.PP.CD,17054.44,17382.85,17802.11,18633.08,19712.68,20581.04,21938.45,23065.19,23687.69,24493.5,26529.85,27915.53,29089.05,30317.52,32055.47,32726.13,34734.82,35523.31,36744.79,35023.33,36487.67,37224.38,38343.09,39954.22,41278.13,42496.85,44082.12,46048.2,47090.48,49911.16,48005.88,52841.63,56761.52,58906.24
United States,USA,"GDP per capita, PPP (current international $)",NY.GDP.PCAP.PP.CD,23888.6,24342.26,25418.99,26387.29,27694.85,28690.88,29967.71,31459.13,32853.67,34515.38,36329.97,37133.62,37997.74,39490.3,41724.64,44123.4,46301.99,48050.23,48570.06,47194.95,48650.66,50065.98,51784.41,53409.75,55304.32,57040.21,58206.61,60322.26,63201.05,65548.07,64317.4,71055.88,77246.67,81695.19
Uruguay,URY,"GDP per capita, PPP (current international $)",NY.GDP.PCAP.PP.CD,6656.02,7082.9,7773.39,8122.72,8849.45,8853.27,9464.14,10390.89,10923.21,10855.13,10842.93,10632.73,9946.48,10212.92,11000.41,12177.5,13049.37,14252.34,15534.53,16254.49,17690.91,18937.2,19288.78,20442.35,21640.03,21941.89,22609.83,23373.75,24155.11,25548.06,25551.34,29187.43,32746.32,34061.51
Uzbekistan,UZB,"GDP per capita, PPP (current international $)",NY.GDP.PCAP.PP.CD,2658.81,2677.5,2375.46,2322.45,2204.98,2191.0,2226.06,2337.71,2426.26,2538.89,2658.92,2796.37,2916.75,3064.36,3342.38,3644.12,3987.46,4420.09,4833.81,5167.26,5470.76,5844.81,6061.95,6302.65,6494.86,6680.18,6796.9,6840.71,7192.51,7513.7,7516.22,8162.2,9042.34,9724.73
Vanuatu,VUT,"GDP per capita, PPP (current international $)",NY.GDP.PCAP.PP.CD,1638.42,1704.26,1744.2,1754.73,1907.87,1920.7,1954.39,2037.18,2036.31,2024.07,2139.57,2060.21,1933.51,2005.31,2089.29,2214.79,2417.48,2493.73,2619.82,2651.03,2653.22,2728.07,2741.28,2734.73,2801.67,2771.19,2858.59,3018.76,3102.03,3180.31,2989.92,3006.58,3203.62,3315.07
Viet Nam,VNM,"GDP per capita, PPP (current international $)",NY.GDP.PCAP.PP.CD,1184.23,1269.81,1382.13,1499.3,1636.21,1798.68,1970.96,2136.68,2253.55,2364.03,2553.0,2743.79,2932.26,3163.74,3458.2,3797.48,4147.36,4519.79,4820.22,5059.39,5391.94,5793.93,6391.72,6781.27,7332.4,7724.16,8453.07,9281.28,10149.5,11190.15,11781.15,12230.26,14051.25,15194.34
Zambia,ZMB,"GDP per capita, PPP (current international $)",NY.GDP.PCAP.PP.CD,1541.37,1553.7,1524.1,1626.68,1481.69,1518.96,1602.74,1649.73,1619.41,1674.25,1730.37,1808.4,1861.48,1968.31,2095.69,2242.27,2409.37,2588.27,2743.48,2909.63,3136.63,3267.41,3361.72,3514.72,3475.76,3368.46,3342.33,3419.72,3468.84,3385.79,3179.27,3526.51,3864.89,4125.63
Zimbabwe,ZWE,"GDP per capita, PPP (current international $)",NY.GDP.PCAP.PP.CD,1794.32,1907.83,1731.39,1765.61,1958.3,1977.85,2186.11,2246.4,2299.55,2279.84,2237.58,2306.03,2120.47,1781.29,1710.91,1655.09,1632.94,1600.33,1332.28,1486.28,1804.3,2080.61,2366.18,2558.99,2618.24,2692.29,2825.36,2435.79,2611.33,2711.53,2784.87,3276.27,3660.84,3899.9
