Country Name,Country Code,Indicator Name,Indicator Code,1960,1961,1962,1963,1964,1965,1966,1967,1968,1969,1970,1971,1972,1973,1974,1975,1976,1977,1978,1979,1980,1981,1982,1983,1984,1985,1986,1987,1988,1989,1990,1991,1992,1993,1994,1995,1996,1997,1998,1999,2000,2001,2002,2003,2004,2005,2006,2007,2008,2009,2010,2011,2012,2013,2014,2015,2016,2017,2018,2019,2020,2021,2022,2023,Unnamed: 68
Africa Eastern and Southern,AFE,GDP growth (annual %),NY.GDP.MKTP.KD.ZG,,0.460106039842898,7.8680125100649,5.61640005936856,4.66813529350271,5.13898951480421,4.82984559526898,5.37448094293651,4.15002447776169,5.079187699664,1.13727554366292,5.47391081946769,2.78954991342989,4.57752742964543,5.46856231047413,1.42517290641121,2.37526909062058,1.14153173539448,1.51679081367742,2.91615720049873,5.45735629413792,4.01698436148212,0.319585581254003,0.022638507736076,3.36659541560611,-0.115539889136656,2.26073311308348,3.96451635186735,4.27225377389995,2.69784069413437,0.182030898765092,-0.0927088827209275,-2.35510864449959,-0.591581107638589,1.89901728873765,4.28319311118834,5.45477173390825,3.83877754516632,1.75837456448082,2.65595905631972,3.21980299445006,3.51014673876612,3.84164636198325,2.96340515607194,5.55736352797653,6.16483585935859,6.57759419970034,6.64659349092027,4.3710975723267,0.880331357920653,5.23377797192232,4.06901977125888,1.75621020352889,4.25034509905811,3.98318178416663,3.01157198178016,2.18358078096774,2.65139974202668,2.681718104162,2.18925928385238,-2.78037855183037,4.49737998264359,3.55442232938942,2.62231040700607,
Africa Western and Central,AFW,GDP growth (annual %),NY.GDP.MKTP.KD.ZG,,1.87345509634132,3.70764332803346,7.14578445653302,5.40640343431113,4.102491284691,-1.53759046975254,-9.10146318985673,1.56398223225717,15.2665021645984,17.5664121127492,10.5826165279635,3.17545219213808,4.02468559540279,10.055004593772,-2.15773201131458,8.47190814505927,4.58674717603512,-1.95062905618747,5.09803824667523,1.91857634706398,-6.79499531588849,-3.298625058138,-6.36363630666835,0.508216104236141,5.39932403622674,1.36011303724719,1.40458248482658,4.72537335328963,1.71525132413473,5.7738278776513,1.00936462361216,2.48366261537329,-1.31760910879835,-0.323480854791384,1.91911269974906,4.64980876046684,4.44702715320035,3.60931183693684,1.5450241455862,3.85976026327238,5.20909415462474,9.92742714858778,5.53296656452113,7.9926986039562,5.82894003238981,5.37476155848412,5.52271872747792,6.28146530751468,6.282102397926,6.97060061867415,4.8492890112086,5.13543221769829,6.10661028218607,5.92558281954024,2.81397900746174,0.141488617696979,2.28496137040275,2.84264500273268,3.22202851816455,-1.00441739370378,3.99485439730634,3.78448567787608,3.34277559400802,
Arab World,ARB,GDP growth (annual %),NY.GDP.MKTP.KD.ZG,,,,,,,,6.74137706583515,10.8322212073697,7.47025919890341,22.3204382833997,9.11863396497519,15.4774143129234,14.0466812685859,10.6574307045888,-1.6801306733896,15.3933573089532,7.11992917515205,0.604515238420333,11.0262901337321,6.24032235710182,0.428347307685399,-7.76371240051063,-5.33093900029748,1.28125569814974,-1.29965404373603,3.38157203682697,-0.774436542583885,5.05979330906317,3.54789360105437,9.51664431166772,1.41550420497383,6.28889502487107,2.59441182259059,3.16901865933552,2.71689493738789,4.59073695067065,4.94370376893526,4.8477221647276,1.8588359749504,6.59810073069697,1.67856914031832,0.666592759693543,4.87100449978031,8.87288080186666,5.46655918441073,6.16578265802067,4.49499372665991,5.55075507405265,0.409202168817103,4.81457026982723,3.57287691238142,5.0035800868469,2.52000765718397,2.38370544220714,3.38756030711494,3.60944655086158,1.51128390704507,2.62315703654876,1.67111088873453,-5.40097921653559,5.11664702876513,5.79310898501694,0.929791980463165,
"Bahamas, The",BHS,GDP growth (annual %),NY.GDP.MKTP.KD.ZG,,10.6670974251373,10.4519718945414,10.5240552018016,10.501567200294,10.4255964904239,9.07192871029736,9.59811386614862,8.42176356574946,8.98166257694015,-5.64964951944781,1.6265087401548,-3.49733593257861,7.56756882327024,-16.7542290751462,-14.803126311449,5.18518497051086,9.15492922086061,14.1795201385228,26.1392957686891,6.49528192102287,-9.22640507995641,6.69889775704905,3.59705186794108,14.1711486234751,4.82918011486817,1.79700022744946,2.98451934401702,2.30970766096026,6.72732979978797,-1.59624908707553,-4.18178502199576,-3.82558229706301,0.307806596011844,3.14891597200189,4.37875203482501,4.22353036224139,1.28775320549799,4.71679855496301,7.14410390677141,4.14841930754267,2.62600982683425,2.70495624731029,-1.26491667612372,0.882373744518318,3.39608420536011,2.51659221712706,1.44609991235758,-2.32364807041851,-4.17542805647342,1.53866248693835,0.613170735890648,2.99790320655973,-2.86330925726089,1.84726084348846,0.996758610594114,-0.961908776858536,2.79951863934495,2.62988985993933,-1.35726520928898,-21.4234630658488,15.4031489427848,10.7820132001503,2.63905598075102,
Bolivia,BOL,GDP growth (annual %),NY.GDP.MKTP.KD.ZG,,2.08929593570468,5.57891785897957,6.79762577697274,3.9565965321577,4.91344195642831,7.17058966269151,6.31721951702735,8.52944308448038,4.47409733093423,5.23102930104125,5.06333643861971,7.967485209709,5.73916152572542,2.9395678082784,7.31101773140009,4.61456748598627,4.97121565700267,2.05269456633279,0.133344047803647,-1.37177291054002,0.27561637511306,-3.93873792764468,-4.04212139991856,-0.20066569836213,-1.67638978124501,-2.57388420030712,2.46348461562114,2.90949796054329,3.7901309635414,4.6357874278518,5.26652666762763,1.64649818317069,4.26929611661502,4.66726510266786,4.67827659709971,4.36134195244576,4.95420874299721,5.02935475543072,0.426885422588825,2.50781080899483,1.68379912721825,2.48556573783829,2.71133983700673,4.17329558916248,4.42143312687979,4.79700882356067,4.56438426887887,6.14849787462164,3.35699957430565,4.1267225910567,5.204092443086,5.12227558091757,6.79601142810841,5.46056950635136,4.85718717971413,4.26392086382113,4.19520633360395,4.22362365271844,2.21670563961031,-8.7378843576993,6.11137269714146,3.60568042633635,2.44347191830776,
British Virgin Islands,VGB,GDP growth (annual %),NY.GDP.MKTP.KD.ZG,,,,,,,,,,,,,,,,,,,,,,,,,,,,,,,,,,,,,,,,,,,,,,,,,,,,,,,,,,,,,,,,,
Caribbean small states,CSS,GDP growth (annual %),NY.GDP.MKTP.KD.ZG,,7.376455380248,6.68795363638046,0.674377484559116,8.56698573452148,10.5953526366614,8.57561725855236,8.82151131312845,6.5744143605514,7.37299634337813,1.07858538671022,2.87251244602128,-1.157985103979,2.92816921056236,-6.05883736082504,-3.40446399327641,4.82447130946517,5.54817070721984,7.04756163305591,9.56260433858074,2.61217412023439,-1.83371064860765,-1.13249098302755,0.310485823378855,6.04986071126154,3.61767044396188,3.24318074030126,2.00354576022714,3.85830643961987,4.64109069695068,-0.872625886385507,-0.987619200888972,-0.539800831281653,0.906971942397334,3.3122827439326,2.8393561067987,4.05685194946534,3.39155359893778,3.57732737001754,3.94148701146801,3.65896099193061,1.29960547219403,2.15477570300142,1.84936679665981,2.82340921442344,3.28061978937919,4.45625279922749,3.30016125951357,0.54217939444186,-2.59982014513834,0.991500471284184,1.71684568192545,2.32803241515643,0.0738276299494487,1.76382445945195,0.697970065643204,0.471963597496924,1.94326028621741,2.89116347683975,1.02465322343599,-9.19346279301007,10.4440323505071,22.4782173424467,12.7158562820673,
Central Europe and the Baltics,CEB,GDP growth (annual %),NY.GDP.MKTP.KD.ZG,,,,,,,,,,,,,,,,,,,,,,,,,,,,,,,,-10.8653781512361,-4.99818389171999,0.199351658715074,3.6853114001706,5.49210938706631,4.54691751340536,2.31365177673806,2.68010074633438,1.90691631470843,3.95685838323978,3.08064775928611,3.61474406651898,4.08710482600061,5.83995749000159,5.01902183717348,6.59476113127972,6.43296450007797,3.93561539955252,-3.50654872544688,1.43626802392811,3.51420887602232,0.825752520966148,0.667716324872686,3.21575278337589,4.02632209202108,2.75319275014614,5.10127396652673,4.94640018271339,3.9085218171802,-3.41747603978885,6.43339870687696,4.24707312691251,0.51170304534574,
Channel Islands,CHI,GDP growth (annual %),NY.GDP.MKTP.KD.ZG,,,,,,,,,,,,,,,,,,,,,,,,,,,,,,,,,,,,,,,,,,,,,,,,,,,,,,,,,,2.57442418152031,2.06644673893601,2.3607446539344,-8.46759731706375,15.455211303251,7.80517874537352,,
"Congo, Dem. Rep.",COD,GDP growth (annual %),NY.GDP.MKTP.KD.ZG,,-10.8513760836337,21.2006975148133,5.213990134349,-2.44022356449149,0.997348793527436,6.77548530172186,-0.985738661487957,4.33269846401917,9.3288374385548,-0.245056575086281,6.00501806737557,0.151135513789043,8.13727588740186,3.13058587923621,-4.98163100525389,-5.30900208097141,0.760793601550816,-5.34529152756241,0.430088262092653,2.19491292367728,2.350524074861,-0.457677608961575,1.41170368826302,5.54107402196995,0.467850950946058,4.71720965340852,2.67564245126934,0.470381336748702,-1.26605063560955,-6.56831069464246,-8.42105149913377,-10.5000085646477,-13.4690505381279,-3.89999680312387,0.699998829794396,-1.02317264199922,-5.61704659870088,-1.62415404478989,-4.2701408311335,-6.91092731652101,-2.10017302488846,2.94776518359767,5.57782231144424,6.73837393324294,6.13515115548972,5.32097956548998,6.25947776437397,6.22589426869193,2.85506401011484,7.10797657581392,6.8746708900163,7.08689894671942,8.48195663608755,9.4702880993101,6.91616711922561,2.39939891133452,3.7269476588301,5.82112109969025,4.38452887429834,1.73542276681493,6.20015401075946,8.92444762563109,8.56086250908719,
"Congo, Rep.",COG,GDP growth (annual %),NY.GDP.MKTP.KD.ZG,,8.35072672427799,5.20230878797427,-4.02930039798804,3.81679626842326,3.67646773649125,1.35898246232004,2.11627205671408,7.63132623875093,7.54852519466465,6.35847018696658,7.75303585308524,8.61755084484118,8.231188946413,7.88552081113494,7.73159683364941,0.916286751103684,-8.95342798038182,6.3597470112115,9.81322473809402,17.6366054827611,17.6197224701567,23.5976999601492,5.85396283993704,6.9761310544814,-1.18566085432533,-6.86152643665193,0.189376640368906,1.76626342847234,2.59987651814491,1.00000356627487,2.39536745255616,2.61194805533871,-0.979683208744774,-5.49307574541402,3.9853243781107,4.29048155870402,-0.624812152260716,3.73755276980884,-2.58219935813743,7.5759803952642,3.80260189913561,4.58187006108889,0.813264076303781,3.47663162118089,7.75575897806648,7.98623836334291,-6.61399480441001,6.30637595585259,11.6372888615758,9.93126543095578,2.20591936286718,9.94715314257564,-0.712434451876447,6.64606540928447,0.415193061293763,-8.68524343913786,-5.59477371915547,-2.30431780125842,1.12447707363883,-6.26777799581888,1.01507337977299,1.47535613247133,1.90686426346754,
Cote d'Ivoire,CIV,GDP growth (annual %),NY.GDP.MKTP.KD.ZG,,9.93255515611813,1.22699449007209,14.490355865667,17.6130878299454,-3.10965427332918,11.5773596880237,4.59815178505383,12.5482486395257,9.53921877056503,10.3750318437426,9.45663766175453,4.23662501175109,5.93919753616822,4.3273808575466,8.25288636734977,12.9163974375478,7.31445915354267,10.9094536523705,2.39440746193296,-10.9576972637217,3.50049890850418,0.200822346671046,-3.90024044138104,-2.70126143487833,4.50122318068745,3.25934876606091,-0.348972913938866,1.13648396562287,2.94800494335441,-1.09590841238308,0.0409251717252914,-0.244560610691636,-0.192485098607804,0.811206679935481,7.12574472834217,7.72932741916973,9.6488400474633,4.26390594437231,1.16685998202273,-0.265789462275947,-2.15401249077306,-2.73052647441901,-4.72586658630681,3.18503822575397,0.996065564854788,2.81557859252327,1.10142976793477,4.7826659787672,3.60332156667053,6.84804939907013,-5.37044724000579,7.62041176451649,10.7602131311256,9.37199994240375,7.19494942728191,7.17275963956332,7.41076242584926,4.84314605898469,6.72137167595899,0.699728593256083,7.06332910217667,6.2178509127107,6.53593302046529,
Curacao,CUW,GDP growth (annual %),NY.GDP.MKTP.KD.ZG,,,,,,,,,,,,,,,,,,,,,,,,,,,,,,,,,,,,,,,,,,-0.695753704098053,0.397065216763636,0.288186681651752,0.208461073109362,0.676425345201665,1.63593468987035,2.46996322836787,2.18804308019168,-0.531308242338184,0.0823066088131412,0.50845748203723,-0.34895082430242,-0.635696907591139,-0.637397373327133,0.458151544160046,-1.06770848655277,-1.2762081008495,-2.10411133101029,-3.20613230348162,-18.0384576815908,4.2,7.89999999999999,,
Early-demographic dividend,EAR,GDP growth (annual %),NY.GDP.MKTP.KD.ZG,,4.77671789203275,4.01130264405086,5.3099554332273,8.3524226239591,6.14527041286877,4.32957340101225,5.65627012110366,7.22420648255755,6.73804040647465,8.28992200003356,5.78102420947903,7.13083336269158,7.24111269695807,6.93478419537819,2.47815665799433,7.27330841505689,4.10579769414558,1.53325736433499,4.23292619716671,3.39985630542729,3.61241600486252,-0.0361219014791203,0.17661416153409,2.08231485969787,0.955917091150638,2.48869903834313,2.63413390966973,3.5630090638689,2.31572901463272,5.4506732282335,4.8008911587569,4.04495033399624,3.41643224296051,3.41472106403069,2.45990309433488,5.75005234999182,4.80980970000336,2.46188702894665,2.09228290682356,4.42817826606417,1.03090387816718,1.77327661899514,5.32184789364251,6.14890497990379,5.85493664383965,6.02800866420148,5.67234331055151,3.44482529832393,0.635224721073669,6.51341351158096,4.91840214187388,4.18268349884028,4.057999545852,4.12078257925089,4.413613006364,4.41966409712549,4.6328678778804,3.84020966703507,2.40227091068419,-4.36828773942052,7.62136441675764,5.58275972830056,4.04377851336302,
East Asia & Pacific,EAS,GDP growth (annual %),NY.GDP.MKTP.KD.ZG,,3.83727745350342,5.44987997342332,7.7639077926339,10.3970002257066,6.9699878176984,8.60750304812976,7.34680297550791,9.32630934952496,11.4757717816991,3.89112343771525,5.27926313881213,7.16266041034275,7.66534445791898,1.00126255334266,3.56950142661627,4.17452605094766,5.18345417905385,5.79252180596292,5.89627188874611,3.77865904192677,4.66791153803075,4.14831636636701,4.42754502100652,6.1602554876789,5.69913865609539,4.92108375384537,6.26600795929629,7.60267032160978,5.16107087088622,5.06745285006357,4.85445930034301,4.24420224324697,4.19874103344642,5.23842028200288,5.66893332317224,5.62071389114125,4.05442243934624,0.450968963834057,3.73739182612647,5.39624142845969,3.29904253216451,4.37725081848028,4.94755328728853,5.86764398711426,5.89930115812956,6.45377931797739,7.46657287927796,4.38495001229602,2.56094713446137,7.60959353290056,5.46187263083029,5.18305565925709,5.24506084727628,4.75870428385912,4.72838604064859,4.65907989167707,5.05317448248172,4.75915481378036,3.96022191431953,-0.144692822272759,6.22113626390231,2.88602957954214,4.09517860393547,
East Asia & Pacific (IDA & IBRD countries),TEA,GDP growth (annual %),NY.GDP.MKTP.KD.ZG,,-13.3282852333271,-0.640292703618314,6.43942142699068,10.7848472658452,10.7817984726124,8.0022738175029,-1.42057038620939,1.77361448129641,11.3845160875641,13.4416904943584,6.76953978246134,4.90150909360196,8.26225557636579,3.85799054117845,6.82652943175988,2.82567755250072,7.40809556881523,9.2004174846077,6.99859896641593,7.49428548828692,5.56941681522002,6.40721396641486,7.72139602887425,9.93547281028664,7.88803594570615,7.12242452161902,9.17654310959041,9.73722844277553,5.7495179070896,5.15108443193608,8.00082846890329,11.1777637844348,11.2627597438181,10.9344260636462,9.87355846557382,9.06252992263947,7.34187832183675,2.89341564751572,6.37781029464793,7.645687237633,6.97925801496142,8.05976189467306,8.94395195518388,9.12090674476882,9.97650606306892,11.0778674808846,12.4861550379558,8.61541267345021,7.98436893969252,9.92108201376767,8.64289773095604,7.58023773794096,7.29846415082417,6.98434973711566,6.70720095585358,6.56457371022981,6.70740565027259,6.52484260710393,5.78182085585361,1.24678181948383,7.60341969056822,3.41356550854968,5.06844554937925,
East Asia & Pacific (excluding high income),EAP,GDP growth (annual %),NY.GDP.MKTP.KD.ZG,,-13.3282852333271,-0.640292703618329,6.43942142699068,10.7848472658453,10.7817984726124,8.0022738175029,-1.42057038620942,1.77361448129642,11.3845160875641,13.4416904943584,6.77357361092845,4.90385390889439,8.26703007695031,3.85945460940955,6.82997972079069,2.82856948212577,7.41328016109613,9.20662902701584,7.00303724960376,7.49858087619853,5.572517546928,6.41041396384882,7.72444606767901,9.93859136312167,7.89003293501,7.12403739631051,9.17856387018057,9.73920274636973,5.7504072976724,5.15177457936109,8.00349470097943,11.1816632271587,11.2665070340412,10.9352541231006,9.87403044001086,9.06296810029477,7.34262879772277,2.89374658858377,6.37890766471614,7.64657808569183,6.97944726729803,8.06013082991048,8.94474821506344,9.12128477964977,9.97695756050231,11.0785090646634,12.4866919748479,8.61568809514881,7.98496641412531,9.92144884456243,8.642957947062,7.58030545300147,7.29872789260344,6.98433194373406,6.70715877038921,6.56471186911301,6.70769640336606,6.52499175086045,5.7818918001209,1.24692683762466,7.60374970783415,3.41361786942464,5.06852213671102,
"Egypt, Arab Rep.",EGY,GDP growth (annual %),NY.GDP.MKTP.KD.ZG,,5.1611141431878,3.87561672366319,10.5180926175286,11.5075774740906,4.91404229213488,5.04640371259349,0.805264126957468,-1.60679234953595,5.27951751357298,5.59851503849526,4.05734632658536,3.05568062512478,3.50683016245965,1.55893857167666,8.93914715895075,13.2796894430585,9.00304426669794,8.62876764492904,4.54768962845593,10.0113290379584,7.3485538963137,9.90717113399219,5.09440684043983,9.74576271173548,5.79150579143601,4.74452554739075,3.83275261319909,5.46132049552625,4.92086860385487,5.66702915715834,1.1254045952288,4.47285918408184,2.90079079959442,3.97317218034541,4.64245877240639,4.98873056512208,5.49235474302942,5.575497460986,6.05343878467555,6.37000382991766,3.53525197391507,2.39020402675627,3.19345473756772,4.09207161019908,4.4717444710621,6.84383819369884,7.08782742675582,7.15628356711522,4.67359980000663,5.14723485746742,1.76457194806041,2.22619979818487,2.18546605363386,2.91591188052836,4.37201907781687,4.34664345601914,4.18122099961562,5.33110861887155,5.55209307084222,3.550164838581,3.29064601202211,6.58784560886967,3.75900541919032,
Euro area,EMU,GDP growth (annual %),NY.GDP.MKTP.KD.ZG,,5.74716909918152,5.76093249168959,4.90900359231607,5.88424775505214,5.04811854664706,4.41275121816356,3.47829163532974,5.66021418043485,7.13321364631771,5.59703132036012,3.77292496342356,4.89122098471537,6.15163067051245,3.21369374254556,-0.772620487473191,5.02715770392047,3.08560418689738,3.12353565620151,3.87348458262589,2.15931354865693,0.523852204974375,0.712691481024862,1.39021314828722,2.37866355721457,2.31285534993671,2.50763249419235,2.53348756724392,4.30588224473145,4.09952444736983,3.60365540752052,2.31389931782198,1.10733930139889,-0.736307986279925,2.44699382821956,2.44049513738085,1.70708650538775,2.72141612537318,3.03273457416296,2.9486117333861,3.86117819418774,2.19922506482003,0.959541799960832,0.702667309213894,2.30189887500849,1.69294371640338,3.23919602311211,3.01115480447594,0.424721952480184,-4.53414800844486,2.16469039989342,1.71459720583233,-0.850659262329472,-0.219171747257874,1.39827851322592,2.05440886774878,1.86578632128172,2.62860957024193,1.78893526039165,1.5904260702233,-6.11006917047806,5.96333641598549,3.42612123895194,0.446837045901361,
Europe & Central Asia,ECS,GDP growth (annual %),NY.GDP.MKTP.KD.ZG,,5.20013015382976,4.70388946493681,4.87832627057358,5.86792974426838,4.45591455331835,3.81627224589982,3.47001363690171,5.40105851839184,5.94886990595262,4.98495921645723,3.72856944325741,4.67308622446667,5.87553019826979,2.17517335499275,-0.809561111929341,4.40707729877658,2.87640362231214,3.11626945959405,3.70093821975368,1.47884874785078,0.504765605629601,0.964977947762421,1.9503032880271,2.64857478664531,2.77090334868547,2.74715524865255,3.09218582633007,4.20163012042052,3.51100921097741,2.29372336645059,0.152366015889726,-0.710081754679862,-0.787107791545409,1.21399134319566,2.14958824934843,1.78345090739221,3.07603084913983,2.62819632914974,2.87787043863057,4.35525178046252,2.25835340714281,1.58429148472858,1.79493588860589,3.19087690970584,2.67183019223177,3.8650352640901,3.6515898969691,1.01657325581787,-4.45788237385096,2.65927374125172,2.34758029192039,0.35998868251805,0.847820021756007,1.92660037280281,2.0581470448719,1.89982163138352,2.90872250204244,2.13444056000746,1.80525623034259,-5.46244371164977,6.52385192111231,3.15749866416037,0.964032941751626,
Europe & Central Asia (IDA & IBRD countries),TEC,GDP growth (annual %),NY.GDP.MKTP.KD.ZG,,,,,,,,,,,,,,,,,,,,,,,,,,,,,,,-1.45649571990022,-5.89848252800584,-9.54696128063959,-4.65297160851588,-8.42389158045475,-0.142008245163154,1.0176644312447,2.93810210811081,-0.639003388285531,2.46685080544692,7.3597057575905,2.59308755339677,5.01197840332608,6.18124734901077,7.86813186586978,6.64326064519712,7.853186716488,7.62753658428245,4.45629803386404,-4.67251564030255,4.63262462961245,5.92848340033075,3.45602286525539,3.39150568218889,2.33777127305463,1.48815723386977,1.8525064629824,4.29253214633275,3.69471936803782,2.65714284041665,-1.46289536902678,7.38646816523473,1.767977505166,3.44498020551657,
Europe & Central Asia (excluding high income),ECA,GDP growth (annual %),NY.GDP.MKTP.KD.ZG,,,,,,,,,,,,,,,,,,,,,,,,,,,,,3.29509933908696,1.24212369565517,2.757344053857,-4.68628158451135,-4.72258166990038,-2.05133282888963,-10.0089487703629,0.930173707159071,3.9458619169435,5.53323283364244,2.26391497933412,-1.18718049002545,6.7788147387722,-0.133106140411812,6.39606951351061,6.60142074853765,9.63361465886427,8.4601464051734,8.22853653823152,7.07520171091195,3.06266605956918,-3.45157664165765,7.06748297511824,8.58664528786947,4.05054798319775,6.58598057841522,3.37291324377567,3.58755229325712,2.78533413629492,5.82147037918305,3.5134921058027,2.24722492786316,0.321073682012468,9.00036510298978,3.07761568064204,4.60658952923629,
European Union,EUU,GDP growth (annual %),NY.GDP.MKTP.KD.ZG,,5.75505606271065,5.69495649773617,4.80773516641413,6.01138451127099,5.24933050884704,4.29371662666919,3.57206699988539,5.56411873479937,7.02501337485802,5.50830528688491,3.66088308185701,4.77381469656819,6.01852401663467,3.12578917230427,-0.586467642261141,4.87704666776901,2.92933937037334,3.06649741091,3.8577376850276,2.05238635660675,0.539956579629688,0.837165065192977,1.4398953119846,2.49825971345001,2.32071104907594,2.57331056745495,2.53851798658764,4.11134041254191,3.88116104170973,3.30500935229294,1.41941413839336,0.887791116080194,-0.641563131827155,2.63859341236414,2.67859358082259,1.88136951485262,2.65318759689679,3.0107970877602,2.94869133212534,3.90052515626455,2.1759096012488,1.11075207204298,0.908252360866641,2.59250680958249,1.92474300907963,3.49444551574788,3.15612152498106,0.641259951664836,-4.34869986052647,2.22511838510061,1.9009568406489,-0.701866418422895,-0.082642393429694,1.60065250159793,2.30937774489288,1.97230777572166,2.84476536928575,2.06690196954229,1.80531197138112,-5.65285689951504,6.00872929242561,3.47865373531921,0.450652377532009,
Fragile and conflict affected situations,FCS,GDP growth (annual %),NY.GDP.MKTP.KD.ZG,,-0.185167849939262,7.89120581808547,6.46969716956288,5.19248160732575,6.30528206435388,0.886946647910577,-5.76203600438612,6.20982823344096,13.0472940547878,12.2177343957366,7.64025417232696,3.79809579686278,3.92049876993677,11.0001565904891,-0.0890277933943224,9.03422229307085,4.99634039005666,-0.170884914482954,6.32920750374207,5.29588845197981,-6.57720249700432,-0.805409471578031,-4.70310231089553,-1.15128193443643,4.2564732323859,-0.103623688571901,1.49915568084293,3.6317737011985,1.04028265441667,5.16596905358864,-5.99343413239096,0.186323488081428,-1.91665784982365,-3.45337960030204,-0.314742445835563,3.41253962899799,4.54104098108053,4.93316544230053,3.11434483184921,5.46385413929056,4.11186251037505,4.79407485358716,1.07555673504498,11.2617102788407,5.8344600983722,5.82117279069327,5.98811524699423,5.04211251855638,3.06541528646062,7.01741756593431,0.0438829587353808,5.57037188422089,3.48339256279149,2.09628835920796,1.07053760946113,2.16715558337386,2.5433347260378,2.72015847064731,2.52349885724942,-6.35338636086044,4.56899423218873,1.46339696745457,1.63334399584217,
"Gambia, The",GMB,GDP growth (annual %),NY.GDP.MKTP.KD.ZG,,,,,,,,0.0,9.57614346876494,2.43552288111326,6.15384657262285,-0.0658770394050947,0.241704785011237,9.25032925345546,5.87879361029783,12.3934290906923,7.35122573247521,3.43957605958968,6.31644630976179,-1.32818316164975,6.27007960556354,3.32189401064942,-0.764582637150042,10.8832277675592,3.53525730169937,-0.812264660562306,4.09107074099691,2.45433259678632,4.47682692076357,5.89572187264736,3.55887936756983,3.10703922385581,3.37868879121812,3.01210137437499,0.154345959845131,0.881848240754678,2.22354563838627,4.89999910999681,3.49999870205306,6.39999905009302,5.50000021632955,5.80000024323377,-3.25000014970206,6.86999962173842,7.05000000064635,-2.35172936176019,-0.555580977246521,3.04324950829739,6.25590553394287,6.6657243078367,5.90833580968288,-8.13044422315659,5.24156924630741,2.872768790327,-1.40738249510954,4.0580738039996,1.94335965478776,4.8226112492757,7.23489033258579,6.22205315994859,0.591487287873974,5.25596879353259,4.91782130902605,5.29599663840045,
Heavily indebted poor countries (HIPC),HPC,GDP growth (annual %),NY.GDP.MKTP.KD.ZG,,-0.1653200959923,7.24482590240849,3.40069732777121,3.38615092969705,3.91003888716187,3.92252765105339,2.43778034828462,4.56600983383817,4.50629122384238,0.0162093745081933,4.56505807495495,2.16341198076755,3.2236976413819,5.20894212854451,2.0491669449903,3.87140403055217,3.62200545400471,2.54387412933517,0.600621572975285,0.621976221360754,2.86231737677014,0.565447805977627,0.319573470142245,1.23993734605368,1.52984738433915,3.12011426888618,3.2971673430545,1.30054839309521,1.50118905007824,-1.06316095865839,0.445893313356137,-1.1270927684338,0.477535583510402,-0.184368994743551,5.00325488724,5.12935475940483,5.58070096992007,3.51393431298546,3.13551180358856,2.88899820735506,3.62872772964427,3.81075728409827,3.8888108743633,5.65739645725675,5.56906380443603,5.86256694451602,5.46047493666262,5.64147686899021,3.73811898333602,6.10051199969016,4.46204791584898,3.97711292045133,5.64048443542617,5.84589240559994,4.81618711096149,4.44296838242349,5.00347347755732,4.19327692653373,4.42098571652352,0.236251143945921,4.19513247848164,4.79636099899177,4.41181392961016,
High income,HIC,GDP growth (annual %),NY.GDP.MKTP.KD.ZG,,4.47006651557631,5.60605490282158,5.05330133120667,6.37963402129557,5.51960760024339,5.52162035199414,3.82077170932342,5.89464090900374,5.6168156017405,3.01904391322418,3.97115024848908,5.54198513521018,6.32280196443995,1.15383096195119,-0.199918203891343,5.00456398151803,3.90425157156076,4.17359870318973,4.10117432732373,1.29333095298732,1.93051835774692,-0.250283618650528,2.8021918114451,4.68098910394916,3.54037088172538,3.27627849810153,3.51457603425524,4.71065479131974,3.87000959427506,2.68273506426129,0.902865522386492,1.50809733371315,1.05553691986606,2.88269066365116,2.7101358051836,2.89640844068191,3.47761192572673,2.73343652323359,3.52472842953368,4.2590762232426,1.58303598099296,1.6205401773925,2.3052217806046,3.51338885161896,2.9745387366886,3.22028728970081,2.85667247349559,0.675885063107501,-3.37852833748032,3.0483401750343,2.01785170589382,1.47288810559398,1.59795707356696,2.14176816474907,2.32552627513027,1.8330409085689,2.47631841025758,2.36999444408524,1.84582706522258,-3.91466926056485,5.58436815582274,2.64158610536651,1.64416034202542,
"Hong Kong SAR, China",HKG,GDP growth (annual %),NY.GDP.MKTP.KD.ZG,,,14.2910934371728,15.7633370029008,8.62810972900934,14.642094904597,1.79479175956479,1.60325908403969,3.39735713207871,11.3436881059106,9.20683069318054,7.29300618966788,10.6118111431608,12.2798589941777,2.41518076862452,0.491872791519427,16.1642302799579,11.7255964504907,8.26084443545356,11.5567538228136,10.108277333546,9.26089586404481,2.94984908481251,5.97698336542611,9.97371779290228,0.757158190943102,11.0560866060117,13.3984434798497,8.5115416731534,2.27696160317362,3.83051898239977,5.70192552058779,6.23487245490786,6.20119689342802,6.03612660552348,2.37374446758851,4.2585721708771,5.09974443529021,-5.88268986903378,2.50670497406466,7.6634406887425,0.560798480599047,1.65668988489507,3.05628210676853,8.70009786879737,7.38812739367063,7.03265900519784,6.4648144548709,2.12798181467106,-2.45908947336588,6.76766257042567,4.81471379564613,1.70031366284486,3.10154169020906,2.76237449357055,2.38783888125143,2.17541170539882,3.79609070564942,2.84691154561109,-1.67242651924354,-6.54477867707153,6.454396778722,-3.68075292201146,3.21505497011667,
IBRD only,IBD,GDP growth (annual %),NY.GDP.MKTP.KD.ZG,,1.16632643816084,3.10502531814349,4.73673750581504,8.21079905821205,6.19253858187389,5.63047163032073,4.1309400734804,6.35504865019394,7.90010242559931,7.70145870950248,6.11548412520793,6.65966216718796,7.03921685972892,5.75458991796545,4.68348215582546,6.30285036160281,4.65008779268797,4.10264405324578,4.81820250258305,5.06209918103775,2.1865605925687,2.86725362574674,1.70912119565338,4.90771084456128,4.45269591846851,3.843979891893,4.86702128540963,4.03018236529964,3.19997878649797,1.94593308440223,1.13661536236582,1.56097951403905,3.70311936876557,3.61499202077486,3.98617148368837,5.47855831246953,5.35600594664561,2.66191329823948,3.74561844134425,5.89156951859573,3.62246448494321,4.572186645898,5.94316118657323,7.63739437127644,7.1844785256469,8.29693230496493,8.9489442670059,5.90542406798158,2.78633753746062,7.81582458498562,6.38123317587905,5.44666854104028,5.22177515597035,4.79272033851731,4.40453094782347,4.55662192021697,5.24165035492055,4.93566542257318,3.98398105981117,-1.4012044301338,7.62848296591747,3.6016886245835,4.44755675822329,
IDA & IBRD total,IBT,GDP growth (annual %),NY.GDP.MKTP.KD.ZG,,1.16807088401796,3.54866592162119,4.75922269290638,7.67879682400788,5.92303674489662,5.02981932479203,3.18965183728051,6.02988656975991,8.04644360175315,7.77629908295958,6.15196664649724,5.98553035029785,6.65701628586478,5.96753156626522,3.99947098007662,6.19793437407733,4.57385746829505,3.73452701594343,4.65866581344849,4.87756487157039,1.86063950358447,2.51608151404461,1.41039192719352,4.53990043321355,4.42024788529163,3.75342461992125,4.73757991570241,4.1048093571936,3.09495933531045,2.12339119994589,1.20530355094965,1.6141309054444,3.45235245326738,3.38100914047617,3.95125528858911,5.42375364173739,5.21806590656581,2.7286150249106,3.67450822261634,5.72471537231326,3.65718497365346,4.64677503796875,5.85472061032668,7.55695579032634,7.10096580334807,8.11240850217312,8.70205555705932,5.83585509540794,2.96973926588133,7.6831010647312,6.20346196644704,5.28463225246539,5.22325358422692,4.84630868421327,4.32675343024572,4.45496451944591,5.14241842009484,4.89001452039273,3.9791190559074,-1.35543501142301,7.38665926475153,3.65354606149431,4.36322119501504,
IDA blend,IDB,GDP growth (annual %),NY.GDP.MKTP.KD.ZG,,1.36147497102823,4.36386046413695,7.96214770760541,5.21526557488386,5.74102230587413,-0.206202613864733,-7.8060120813597,2.35516221665834,15.7725473954784,17.9641971224864,10.6141084202216,4.0813867991647,5.72437567053379,8.55595009757968,-1.99453828162812,6.33023036415349,5.21898425138846,-0.489115114050108,5.93438917418602,5.61059830743254,-4.07939557988388,-1.02012914014352,-2.87484344423723,1.71547836496025,6.14059965801646,2.96389481911206,3.91282648265903,6.4239395403457,3.15336135880612,6.51268693443538,2.03288298693151,3.09623249107938,-0.171363309349076,0.917916618109956,2.04187967150371,4.61924846176449,2.0020170424401,2.69888004050391,2.11061454748929,3.78519851568649,4.35837498802326,6.96900593691636,5.01964357474635,7.58185147284125,6.21313626025213,5.85409565636272,5.61431520803895,4.15042279823392,5.97699972231642,5.93359435773799,4.59192246186737,4.38188791820858,5.51522110336258,5.60732495084059,3.74047100367632,2.08732977261732,2.55579179719419,3.84829204032468,2.77073135741782,-1.41574291758334,5.16429410899273,4.2154910324581,2.52625690149301,
IDA only,IDX,GDP growth (annual %),NY.GDP.MKTP.KD.ZG,,,7.15457367562296,2.55280996547673,4.640282383825,3.4528498042696,3.25763112469313,2.06682245773774,5.2064530103205,4.31602982827755,0.869641653579123,2.66996274931957,-0.231818415519385,2.71793042681945,6.16847087877265,1.17848329950448,4.66193792051403,2.88970757676725,2.96333029408207,1.15617729129909,1.43928063602026,3.28240962786516,0.783403782757873,1.03777605073805,1.60337540097773,2.35039063508124,3.08022980892528,3.49569116562627,2.98756792623465,1.31959880778044,1.08238297321439,1.75195206321229,1.15250955159547,2.17920896822818,1.09099559277533,5.1814577611534,5.07844934046102,5.51602530064143,4.16109586945987,3.68475289972241,4.07564269142151,3.73543719231692,4.04844777171576,4.79808362317296,5.82983278299463,6.16433885275703,6.29372804648504,6.21939773790517,5.87613700800567,4.25262338382095,6.43091323451451,3.78665535227746,2.47364864456929,4.97941208031416,5.36332000691675,3.09222401192028,4.35951929288596,5.25609876832121,4.7775026978655,4.96526418580667,-0.237845290364646,3.78918249767895,4.39591712669399,3.99814825826024,
IDA total,IDA,GDP growth (annual %),NY.GDP.MKTP.KD.ZG,,1.17794202733796,5.93740107327163,4.87705482541307,4.89460440257139,4.46803010514483,1.70212560291412,-2.27992995560163,4.0300870763464,8.96658008387104,8.24226075091197,6.37575837454453,1.86037697337906,4.20805716834913,7.36902941571674,-0.434728432101011,5.48929609301902,4.05407706521498,1.21475807828917,3.53547564478063,3.56313475473884,-0.514485005684506,-0.113076022544462,-0.871655349987449,1.65697819394128,4.1567597135594,3.0243714342522,3.69446996128747,4.7063276656921,2.25183197851176,3.86733603097123,1.89504426498502,2.1438843508639,0.970945506836983,1.00303440940903,3.58722439593471,4.84875221061762,3.76212878432771,3.44366087698189,2.91796403013909,3.93527237600149,4.0341892406087,5.45347030924177,4.90620355816706,6.68573197903993,6.18837768164175,6.07710359032268,5.9218761858189,5.03006015307889,5.07761164641308,6.19094592287242,4.1742728039068,3.39586720580698,5.24082859450215,5.48255060026422,3.40935816047579,3.24436380993637,3.94568182094561,4.33260077222064,3.91940910668565,-0.79299453521206,4.43321143726286,4.31029853089058,3.29631108462732,
"Iran, Islamic Rep.",IRN,GDP growth (annual %),NY.GDP.MKTP.KD.ZG,,10.3909183549936,7.90926792965348,7.04207522912898,8.4752282487852,17.0357115203008,11.5024072848283,11.2528030961675,14.4041826754731,15.516658908089,10.9276016296551,13.7015829939221,14.4990158486367,7.44168161210865,5.80105084782075,-0.326216240773419,18.2604356281608,-2.77357769163498,-12.8408566742288,-12.020760254792,-21.5996493516923,-5.69678723333877,23.1712455355792,11.0867168468735,-7.13985049890022,1.86764993250725,-9.7849055780179,-0.172107687605703,-6.08199661986559,6.13211567718015,13.5949264435839,12.7161484430703,3.29798191906094,-1.47101148264161,-1.69828611904136,2.4010445522492,6.35052601959309,1.35039927371557,2.08001178030293,2.00269623308067,5.84552747587396,2.39217271180297,8.07882927923774,8.6392983956527,4.33666598322418,3.18980408131023,4.99979526935969,8.15577351843464,0.250856552511053,1.00738546285622,5.79793829590261,2.64571792008958,-3.7471713986414,-1.52197920494163,4.98477506709494,-1.42488493937491,8.8150866425182,2.75850524578875,-1.83800757093036,-3.0705879849703,3.33028845926594,4.71977773157164,3.77663140152906,4.9521631690814,
"Korea, Dem. People's Rep.",PRK,GDP growth (annual %),NY.GDP.MKTP.KD.ZG,,,,,,,,,,,,,,,,,,,,,,,,,,,,,,,,,,,,,,,,,,,,,,,,,,,,,,,,,,,,,,,,,
"Korea, Rep.",KOR,GDP growth (annual %),NY.GDP.MKTP.KD.ZG,,6.93599265224405,3.89527253075299,9.02056828279763,9.47382471805444,7.31843358022128,11.9939566084487,9.0796065539801,13.1657682900767,14.5613666963927,10.0527348072623,10.5455135521971,7.21436072179991,14.8983226573489,9.51183543440047,7.8399333381073,13.2214478025627,12.3359821950185,10.9529856954848,8.67122670709715,-1.64568764044438,7.24617628510612,8.33807808691536,13.3761744903693,10.5516403549853,7.83886402174087,11.3272611963066,12.7236921193269,11.9877155593824,7.07289360531416,9.8775525016936,10.7780561268967,6.19864279836374,6.87747412868558,9.26866633778376,9.61456539319965,7.89070332600667,6.17055242658977,-5.12944816520964,11.4669424267425,9.06083332508534,4.85239957151281,7.72514267547173,3.14729119373409,5.19739136324382,4.30854271411236,5.26432659466724,5.79954841503216,3.01298487281167,0.792698989518186,6.80482491783671,3.68566778212526,2.40253099246186,3.16470863647184,3.2024537945736,2.80910326824133,2.94688171508626,3.15963574012777,2.90740377377135,2.24397786011012,-0.709415359397681,4.30473481906969,2.61267219187226,1.35673324311098,
Kosovo,XKX,GDP growth (annual %),NY.GDP.MKTP.KD.ZG,,,,,,,,,,,,,,,,,,,,,,,,,,,,,,,,,,,,,,,,,,,,,,,,,,5.03485413839893,4.93995095961395,6.31981022896761,1.71219595890548,5.34079911900278,3.34880478431623,5.91623128345211,5.57177504731632,4.82565565298054,3.40663227056285,4.75680057007834,-5.34027547826166,10.7456560819583,4.27849850808495,3.3378946993315,
Kyrgyz Republic,KGZ,GDP growth (annual %),NY.GDP.MKTP.KD.ZG,,,,,,,,,,,,,,,,,,,,,,,,,,,,3.29996837189026,13.2000300557594,2.78975093883413,5.70279663311726,-7.94392523779793,-13.8378377984379,-15.4593282242512,-20.0851588393243,-5.4238219222602,7.08450239536558,9.91525389550945,2.12183528473682,3.655789399748,5.44333663288322,5.32162141190466,-0.0173246130360667,7.03029319731168,7.02681242497607,-0.175515404044219,3.10289874199981,8.54287477507607,8.40161604861429,2.88629457537731,-0.471566596791618,5.95627429693504,-0.0881501998439376,10.9154694528045,4.02403863083252,3.87582544512439,4.33585592190116,4.73993722377884,3.75791013557165,4.60062565707598,-7.14897757727955,5.50700762671923,8.96750520041391,6.15139183716032,
Lao PDR,LAO,GDP growth (annual %),NY.GDP.MKTP.KD.ZG,,,,,,,,,,,,,,,,,,,,,,,,,,5.06996394724837,4.88513326275412,-1.42579238293395,-2.01020105305003,14.1906366290998,6.70457869081514,4.29656364110154,5.55985776817542,5.91255655432118,8.15901853271809,7.03125432419004,6.9283237283322,6.87209127120695,3.96760809197698,7.30637607138169,5.79878232861959,5.75141287983195,5.91874368370564,6.06700230344272,6.35769548008234,7.10756836811267,8.61926620832807,7.59682880054878,7.82490276337012,7.50177491225853,8.52690551739717,8.03865268023725,8.02609843461283,8.02630022699017,7.61196343979319,7.27006584373785,7.02283625501138,6.8925308726989,6.24796000755872,5.4577350924848,0.503031829018681,2.52835100486102,2.70742652643155,3.74568140158232,
Late-demographic dividend,LTE,GDP growth (annual %),NY.GDP.MKTP.KD.ZG,,-3.72667895978336,2.94459345025049,4.1284620174701,7.20147045978254,6.61868113892568,7.68959971473868,1.79322151921026,5.21024531304364,9.9461496491806,10.8137608069584,8.51078691495293,7.87441675986962,9.83648124430698,5.00709548248656,4.31668066062107,6.60762375201087,6.31523363605042,6.63877263000498,7.71917367247323,7.36957384244579,0.19141503085531,1.92281582335234,1.73139068909801,7.82661142635637,7.24674660221649,5.801719843596,6.43314867970362,5.12576844465234,4.73599012143224,0.220667895080624,0.464598166052639,0.770607180927854,4.29453400904913,4.42055996502295,5.60711361428667,5.0778777604869,5.59481880377932,2.83951356079008,4.6219190431606,6.98320832312542,5.18473597667588,5.98307844013772,6.82091801991569,8.17726165146564,7.74047477618413,9.28416576189139,10.2099771032965,6.92156827366756,3.69614342524602,8.0143063499327,7.18573358555956,5.81560724091659,5.61144045110311,5.22564526224352,4.69985991310821,4.4722484999854,5.30401396529471,5.42417140935132,4.65099889123923,0.199854474511071,7.44958400150686,3.17751274112688,4.18995021181887,
Latin America & Caribbean,LCN,GDP growth (annual %),NY.GDP.MKTP.KD.ZG,,6.13266550545795,4.31200967469732,2.08505411666681,7.26864422784207,5.68132662360779,4.95351881385908,4.346599334823,7.11343650300864,6.83409223143478,6.52140886078607,6.87613315674547,7.164665029611,7.99138302250439,6.24222596140469,3.5863572070201,5.4364998524197,4.86982091701816,4.52961060065877,7.39067951521442,6.63697944483404,1.22128290837466,-0.169498183786942,-2.28171695272869,3.89223979990412,3.13175726539603,3.47847026995029,3.30194719050132,0.610192509546465,1.71120491990702,-0.378314422456313,2.94766442572529,2.5707198163182,4.39517308562758,5.22618360133688,0.828610691880158,3.96815796838408,5.39049160652092,2.97982780870831,0.679480475990871,3.6099688665185,0.453271766118576,0.464241185574778,2.45501148978467,5.43578368305208,3.93181362889628,5.12948994163591,5.18181547599067,3.64048779331061,-2.27909193569654,6.38867447241222,4.39554306774599,2.56661951138936,2.76026849303479,1.33653843601968,0.407853687760664,-0.334793597648641,1.88982523332572,1.57170629806997,0.718740959001622,-6.64924567289505,6.99679192745977,3.98793094722834,2.1530839544738,
Latin America & Caribbean (excluding high income),LAC,GDP growth (annual %),NY.GDP.MKTP.KD.ZG,,6.16268034616645,4.34556329707294,1.75931819485639,7.60941761191174,5.86950716348539,4.63766139726241,4.44961167395014,7.44839823169208,6.90207870210212,6.8108212142528,6.97584494496995,7.72661398908608,8.69616440826921,6.64487211974716,4.23545947277859,5.50244252579199,4.75758800235413,4.3059803723287,7.3606730586921,6.63476631842346,1.05110289123888,0.25666909532687,-2.07944373073452,3.91679894345197,3.14472566985377,3.36812977603347,3.16368005064341,0.357680046918603,1.39597695234205,-0.468439358226647,2.80300977705505,2.13659806898254,4.35380565384271,5.26615056642861,0.415309162850093,3.87133253343109,5.28283210805557,2.78551305887996,0.527478036901812,3.62121284693681,0.175852310471598,0.367566910986255,2.40702989791446,5.27421879419067,3.98895482375281,5.25294233722504,5.33529155458459,3.73980822787215,-2.40638979699085,6.6720676437814,4.42530345672121,2.37115639361687,2.76540819718329,1.29588598740295,0.292573684049671,-0.483657124690296,2.01747161889023,1.56534077715564,0.665471963458231,-6.54268614832709,6.8144664615359,3.87705264535334,2.15125654423696,
Latin America & the Caribbean (IDA & IBRD countries),TLA,GDP growth (annual %),NY.GDP.MKTP.KD.ZG,,6.09672691316108,4.19821803703995,1.896672240648,7.26094635236672,5.57194994609975,4.86947404174045,4.27359307078578,7.15957159469403,6.75660413934919,6.5289014746631,6.87759772255059,7.25622359930871,8.13089381659087,6.51770996725611,3.64051106218655,5.41705459245169,4.75775984259317,4.4032772073124,7.45768132617751,6.92312870688565,0.936480879754797,-0.339163337682336,-2.46987730663299,3.71047571679397,3.16538756086153,3.52952032455838,3.36910073384493,0.383126949993894,1.63686826245977,-0.245684342559656,3.29572751875318,2.80975935425198,4.72172322961694,5.32120313103054,0.690589641140676,3.96678234653203,5.4523883204926,2.94019872651144,0.449368149773647,3.5836251524652,0.225615995773623,0.429432215693453,2.53382739998618,5.34577833939687,4.02745618128277,5.23869344672066,5.35029961161388,3.8098452060602,-2.32984125696261,6.67885359688496,4.56888314960383,2.64061792983136,2.85307149768907,1.3983055506331,0.366253546005808,-0.336265482915181,1.99124100567356,1.67447248999927,0.717567356400423,-6.56698628427809,7.20083212845076,4.00758799340008,2.18032895637414,
Least developed countries: UN classification,LDC,GDP growth (annual %),NY.GDP.MKTP.KD.ZG,,,7.49728178074385,2.04314859181547,3.62817202594638,3.68637144766176,3.37142698602624,1.09720489354099,5.19252310444836,3.23427379394168,-0.709250473075713,1.72441811451461,-1.47851988987622,2.27657499357497,5.70734894358391,0.466369253528413,3.90273767425707,2.08680306956963,1.63152548989784,1.90604274285673,2.08064032893532,2.46336014813696,1.07822965280558,1.66788500759193,2.33675569951406,1.6734532764667,3.42342232278034,4.20180732966082,2.75106412722452,1.76104349944153,0.0267443410359931,1.75889731515424,0.448878275295101,-0.23433966356896,0.755055318502571,5.82149954635665,5.61433225340684,5.39469084138817,4.0324460467595,4.07733332308256,4.34724403765519,4.88560435044438,5.27826406172383,4.99113156668716,6.38088320242632,7.42553661335744,6.87156469885288,7.26562705564766,6.44492278039242,4.25871481156702,6.2384348797125,3.20845387811421,3.14731726521788,5.70109675500126,5.61540054823142,2.68376430305715,3.67436691389086,4.47817465594949,4.55790080139364,5.006065947411,-0.0670758300886405,2.77217553498012,4.63041795567753,3.71887838954082,
Low & middle income,LMY,GDP growth (annual %),NY.GDP.MKTP.KD.ZG,,1.01621585985991,3.58641698270692,4.80623894284651,7.83882912017309,6.05917018221498,4.93839761962364,3.22563816660404,6.11224105890879,8.15100529347616,7.93369773936692,6.17754736728165,6.15768565552331,6.87073067678266,6.01429708385004,4.26590738860999,6.24617268114724,4.57286172962009,3.68217255633019,4.57589415872974,4.71924279794666,1.90739948885827,2.83038816693289,1.61609851369833,4.64402161580264,4.43568111520472,3.68677104353874,4.6586178747694,4.086719093946,3.06582310410839,3.1317045042826,2.81894254657064,4.24078208646704,5.01802674622473,5.1206190997691,4.57597968880916,6.22087374123146,5.63831060265727,3.29985017779228,3.64169336486849,5.53117578592853,3.63133140926767,4.73082790058771,5.86414599362632,7.65977054389606,7.31566052476947,8.20742118870892,8.82878713490636,5.91256471731205,3.97547633156398,8.15747598462772,6.38248163602593,5.47567183028764,5.60307147080108,5.15793176426351,4.73674282188234,4.76143528665671,5.33999436113508,4.99018331620758,4.08539765236242,-1.18968667762738,7.4245459256278,3.8490251921765,4.51907320890876,
Low income,LIC,GDP growth (annual %),NY.GDP.MKTP.KD.ZG,,,,,,,,,3.50587393744348,5.6738299544417,2.83224768845389,4.73875285851722,1.79735443027904,1.49538586237396,5.8510309581382,2.57989950170234,3.16683617700122,2.86652824359561,-0.036123892179674,0.402740601155813,2.87205787093603,2.85506369463013,1.19652226328209,1.51047038616699,-0.829965965376573,0.715278963081744,2.66408692444165,5.10568112264515,3.53777631134629,-0.110798663589208,-2.76313981998088,1.23481382999537,0.040932361657255,1.09332973025531,1.58428542374145,5.07758161259295,5.76413539063114,6.1949245086722,4.05631696392152,2.67322877800228,3.20270359570579,4.32605075181299,4.83881205580548,4.87049765531538,6.1389320802129,6.57988699542497,5.92096999975644,6.11690322077922,5.54212631317863,4.15447807492275,6.98284424098645,0.785974727337816,-3.21602082008779,3.29108255846829,4.39079571471675,-0.569703594123581,2.02314722788807,3.0386972177858,3.41613589314854,4.23360610408281,0.344386863215163,2.06974668577087,3.73694196526743,3.00565474237618,
Lower middle income,LMC,GDP growth (annual %),NY.GDP.MKTP.KD.ZG,,3.26768658530699,3.78831619883321,6.10748589067167,6.52919277612847,2.07170657922764,1.40265401519044,1.63434398439001,3.90086129632523,7.88164740910911,7.20388770896328,4.80802043671191,1.71399714970526,4.57679058459992,4.84582275933974,3.50225027253029,5.49004186095914,5.71725360484379,3.77766302335371,1.56367758316991,5.23531946490814,2.01084280310309,2.22496984333401,2.27314916851866,2.69800014045036,3.9788056810966,3.85232373331151,3.61248250484077,6.70512758788173,3.67767783075593,5.12012745196095,2.09769222856886,3.69552717854317,2.35449969270623,4.01283465456501,5.11675964995868,6.34690829074829,3.97564420529454,4.52638628571282,5.35980112075463,4.20603550658572,4.34486366831783,4.51291290518319,5.93966747520382,7.08380067164809,6.70558821450786,6.96132584749616,6.89322571289796,4.58361813322831,5.94531419375015,6.86281035259049,4.75431778102191,5.16102451376139,5.6744438273773,6.11248428187641,5.93364859554003,5.69252436082309,5.45719053900642,5.43893672180083,4.05632316283419,-3.58530943059182,6.6513506094125,5.82230668120529,5.29164725590208,
"Macao SAR, China",MAC,GDP growth (annual %),NY.GDP.MKTP.KD.ZG,,,,,,,,,,,,,,,,,,,,,,,,10.023337684427,8.45946431781412,0.732564306549975,6.69321135937346,14.293865465873,7.81083451393106,5.02477973568283,7.98031435074297,3.65939789882582,13.2989822424733,5.18586033225587,4.25305735954906,3.29551686317522,-0.418913313977598,-0.279062018409761,-4.57104669618245,-2.35823456293002,5.74661120275405,2.88841412754124,8.91060554873478,11.6406279553622,26.6303427057285,8.07569424747268,13.3901469197364,14.4767411392737,3.39134349083308,1.27440707233202,25.1225945599347,21.616648080154,9.24226499297308,10.7527800789862,-2.04830363415093,-21.5144021947741,-0.679023626830443,9.8600273155359,6.40517849433957,-2.56352273205944,-54.3358756393687,23.5355669383932,-21.4019505820285,80.5342159956893,
"Micronesia, Fed. Sts.",FSM,GDP growth (annual %),NY.GDP.MKTP.KD.ZG,,,,,,,,,,,,2.30157541811882,1.06691516003676,33.9300071109723,15.3272780949335,0.0742881704883729,0.356322666680015,2.42621416497026,5.64020931339722,2.11922416628755,-7.19641160823168,9.72372521771045,-2.62106423613027,1.92999665995197,-3.9524984866613,16.5506762805889,7.97934731910306,1.19976004799041,2.54890337877889,3.52601156069363,3.74092685650476,7.42734122712594,4.00801603206413,8.14065510597301,-0.534521158129181,7.01446484549932,-3.18237151897384,-6.0609374365163,2.8505158599975,1.37443838961255,4.83390378617111,2.16760244050491,0.546997672499344,1.57211506743108,-3.08015304747474,2.04186716395544,-0.0810552934164832,-1.83618529402398,-2.40849258666222,1.09309924105246,2.25938995585932,3.18857475473928,-1.86681975475544,-3.67976779073483,-2.30577574529325,4.62188400404939,0.484101802387045,0.823045267489704,0.0,4.08163265306123,-1.9607843137255,2.8,-0.778210116731515,0.784313725490193,
Middle East & North Africa,MEA,GDP growth (annual %),NY.GDP.MKTP.KD.ZG,,,5.35400988450583,10.8320603900369,9.86196937057839,12.0184282415136,6.71286056905312,7.96167384931326,12.8112881732481,10.9060319262028,17.531755268625,10.6678827094792,15.3774877206727,11.9021739738738,9.08131871455717,-1.22857940243694,15.0599844546536,4.16289024378609,-2.26932467509131,5.96600637005038,0.956476819566191,-0.224254957421266,-3.17039929969775,-2.02476612883024,-0.246901607285707,-0.241010156475909,1.01226943757484,-0.271098530438962,3.16719494213929,3.57031235699097,10.2703787318476,3.57875039056704,5.95006429756393,2.03482372709145,2.89565570770034,2.97415821595222,4.94971924923074,4.0778323130958,4.38744845858388,1.99594702634631,6.76484790116207,1.52960827314179,1.52298181111854,5.05817226371769,7.84026973253202,4.97968651976942,5.8961597960066,5.16054571047529,4.57602748558443,0.594667396165519,5.06022867900147,3.74759282285639,3.9393403876909,2.17346004174705,2.83288241151803,2.69041730604347,4.35975377623123,1.95724359651095,2.26225934406503,1.37834963889598,-4.0232993723727,5.57289085590358,5.74836266642129,1.78003975349195,
Middle East & North Africa (IDA & IBRD countries),TMN,GDP growth (annual %),NY.GDP.MKTP.KD.ZG,,3.3611205264918,2.30544272497568,11.6524150185525,10.603019042465,12.5085273771348,7.36465043393244,7.88787486341324,13.1661920240104,11.7801545147726,8.37320323126649,6.21216930514244,13.2508095528339,5.27986698897618,7.81339137320541,3.00514298386739,16.2496014636717,1.46858894904037,-2.82231847579818,-0.992941286114899,-4.8703817348659,-2.6937516189203,11.5891894435128,4.45847151164185,-0.544109859431231,3.86491298661957,-2.94515062499237,0.0884236537619785,0.764143769232277,2.44183968102689,10.9407688752476,0.521249549538112,4.45750370080819,1.49954316502232,2.03938898846818,2.53855698170197,6.21939625707333,3.86129019352862,5.88855644831436,4.28149904262203,6.16747638466543,2.86940885109195,3.25186006770359,2.21308934458786,7.63582005408681,4.42062941270582,5.32741953032343,6.03194291805968,3.68896402035884,2.50555633576339,5.35557740311478,-1.02635406497529,3.53423577713583,0.417305134120951,1.84459179536994,0.694157744765775,5.36784154459941,3.13894693829036,1.82359039045528,1.11023485004564,-4.33520481787218,6.21408909503336,4.41432161507478,2.80281277221705,
Middle East & North Africa (excluding high income),MNA,GDP growth (annual %),NY.GDP.MKTP.KD.ZG,,3.3611205264918,2.30544272497568,11.6524150185525,10.603019042465,12.5085273771348,7.36465043393244,7.88787486341324,13.1661920240104,11.7801545147726,8.37320323126649,6.21216930514244,13.2508095528339,5.27986698897618,7.81339137320541,3.00514298386739,16.2496014636717,1.46858894904037,-2.82231847579817,-0.992941286114899,-4.8703817348659,-2.69375161892032,11.5891894435128,4.45847151164185,-0.544109859431231,3.86491298661957,-2.94515062499235,0.0884236537619785,0.764143769232277,2.44183968102689,10.9407688752476,0.521249549538112,4.45750370080819,1.49954316502232,2.03938898846818,2.57254849083471,6.18060969908537,3.94112739334997,5.95739437057897,4.31666994965536,6.0330601416733,2.77351340235208,3.14250021360643,2.28266100749066,7.72971150883066,4.47171844981477,5.27732160544079,6.01522807359144,3.71624261777279,2.55154709322407,5.35895146418939,-0.941004604177522,3.55700351312456,0.456281090804623,1.82561996849616,0.722279033046206,5.40129282968478,3.12195637092995,1.81779376379079,1.11267383038005,-4.40283790910399,6.2212576875649,4.41129157016933,2.72709435668992,
Middle income,MIC,GDP growth (annual %),NY.GDP.MKTP.KD.ZG,,1.15386229793317,3.30142985420099,4.93276191291973,8.12724912024692,6.15297333882054,4.99703769792971,3.25532651074758,6.20382511594177,8.23583849853087,8.10426635636577,6.22300053468888,6.29350877324921,7.03108855105381,6.01891574824025,4.31352763679709,6.33159736027669,4.61871459241705,3.78039157599532,4.68207440575776,4.76431690862628,1.88423142264573,2.87068768085672,1.61877921235146,4.78279593000197,4.52426815386073,3.71020432402362,4.64848551205725,4.09877464667335,3.13505027406838,3.25612607130796,2.85545579414021,4.33606089148653,5.10405266555705,5.19517456133318,4.5657743054939,6.23018717587038,5.62701038208179,3.28441471401956,3.66160226282082,5.57858620927493,3.61708131679855,4.72859777284988,5.88468877373427,7.69091134345234,7.33050915841041,8.25324132040579,8.88196201680758,5.91964385033339,3.97185492021785,8.18128187806609,6.49464778589891,5.64053416588229,5.64324830563687,5.17096472145879,4.82622585789552,4.80523435213244,5.3758266172181,5.01414838235704,4.08317549770597,-1.21272096176956,7.5062161584262,3.85059248991735,4.53956499396988,
Moldova,MDA,GDP growth (annual %),NY.GDP.MKTP.KD.ZG,,,,,,,,,,,,,,,,,,,,,,,,,,,,,,,,-16.000000271343,-29.0999999176414,-1.1999999330268,-30.9000002261447,-1.39999905491376,-5.87706028626823,1.64706456037401,-6.54219207711182,-3.36825447657218,2.10771608200733,6.10000039929173,7.79999965773833,6.59999995777716,7.39999973358189,7.5000001493726,4.79999983670831,3.00000022585525,7.80000014541523,-6.00000026352828,7.10000010705836,5.81816614684824,-0.589733954762579,9.0438656074181,4.99962585407656,-0.338235622387202,4.64601436259409,4.17561205106279,4.07559546585034,3.5523140853476,-8.27597831976949,13.9299997889786,-5.01548231924089,0.78324270969388,
North America,NAC,GDP growth (annual %),NY.GDP.MKTP.KD.ZG,,2.36540607239422,6.19895367554435,4.46664969984047,5.86788679536339,6.39285251764102,6.52360846486233,2.54896284915928,4.81471101717948,3.25318097934183,0.433701017717269,3.35169833906981,5.27513881531357,5.73203592538509,-0.217838208550788,-0.053726178755511,5.43353972209979,4.52980600271972,5.37730209345601,3.21302837073732,-0.0441062493524811,2.61432851810794,-1.92518238421488,4.40643852760847,7.11836281797136,4.21437696166218,3.35032009014611,3.50658614557918,4.1966526361922,3.55774855710284,1.74443650977381,-0.273108204657774,3.30820486933308,2.74448833107857,4.06413289238709,2.68501183521724,3.60731811621106,4.43422465058438,4.43709125340506,4.81501741432217,4.16197041719309,1.03022254267219,1.80124740128369,2.71703866021629,3.78737544806856,3.46128323040847,2.77431463888753,2.00808304630573,0.181624377579396,-2.60460764455688,2.7239591705829,1.68621131736953,2.24337859832025,2.13349688781437,2.54944713665162,2.76110455782432,1.75741359164776,2.50284496236797,2.94789314183848,2.42273337667585,-2.43435524574377,5.76128554552649,2.07867367857624,2.42961669734257,
Not classified,INX,GDP growth (annual %),NY.GDP.MKTP.KD.ZG,,,,,,,,,,,,,,,,,,,,,,,,,,,,,,,,,,,,,,,,,,,,,,,,,,,,,,,,,,,,,,,,,
OECD members,OED,GDP growth (annual %),NY.GDP.MKTP.KD.ZG,,4.40871299763774,5.55126782074309,5.09205772799106,6.45476703811742,5.46233517940591,5.55538897849239,3.8208551418756,5.9426029654968,5.52127187283928,2.75990007310294,3.7643285359278,5.37950617525726,6.03733626800249,1.08181201384905,0.118853565146566,4.73009281741543,3.74918341047979,4.39393559840752,3.91318174176307,1.25219678214992,2.14154432175091,0.159209663479999,2.87021010439112,4.72089467924479,3.70501712675208,3.02088234043678,3.53792140931088,4.52779235239858,3.77983421614074,2.93896628781766,1.14452919474535,2.09015924352644,1.39542698662845,3.21792750335044,2.67018089927247,3.10541007928529,3.63431406278573,3.03511819168524,3.42548737825116,4.09296291517127,1.4163537833124,1.5398467729875,2.03309634392063,3.26547859972703,2.81991215354095,3.02633444904123,2.59522803757896,0.385099491948012,-3.39724935039993,2.96898779587002,1.87873400934457,1.39311591105211,1.6090797804849,2.17654278009316,2.50207436198141,1.85135632605747,2.58610547344895,2.34382863954505,1.7994373215387,-3.95334855901352,5.71465206139672,2.77835122172057,1.66653538565984,
Other small states,OSS,GDP growth (annual %),NY.GDP.MKTP.KD.ZG,,,,,,,,,,,,,,,,,18.3419210639587,11.0245512891336,6.24915096816927,10.7000652738498,0.194844379813446,-4.60019099915276,1.39494794756239,2.08654923383899,4.30232629573612,1.39411963662843,2.98538140010744,7.05958114353464,4.63054119044406,3.0300184486486,4.94270663099962,1.04532381798883,-0.46552991480543,2.58803998734697,2.62974717294779,4.79896538549849,3.86698548627116,4.75494456701153,4.64662179492015,2.71697183181871,7.02144576039991,3.21742989395919,3.42466170942122,4.51821928109177,4.93802711659484,4.94193629229194,6.39726990504643,6.35043993181057,2.05764255095009,-3.59888262727243,2.71339755474523,3.00357203777814,1.63152052808375,1.70147807917355,2.41518620047516,3.36494787653683,3.8912084246695,4.76330819546558,3.97088218742294,4.06419882121789,-5.71729190315421,6.58600635011335,4.54016837834456,2.47994745829881,
Pacific island small states,PSS,GDP growth (annual %),NY.GDP.MKTP.KD.ZG,,,,,,,,,,,,6.3767744991174,5.5478148790304,11.2701539892147,3.38619172407317,0.398337425015981,0.820085509385436,3.41779968473348,2.22309386814672,8.66756510557853,-3.86633033135597,3.08284389137481,-3.28644943198971,-1.15306417114164,5.44453661753299,-1.75561335567041,5.43192637636909,-2.04529105272302,1.21148196545229,4.64746386157775,3.77617942629314,-0.381665225966458,5.00780429623093,1.98501597021252,4.80649959753832,4.51412168682003,3.15724110871942,-1.16139324449304,1.46567182855604,4.37703801126578,-1.68867990126606,1.02418815448149,2.06559146593261,1.98622566571088,3.99109240071063,2.43981570061422,2.37574820869501,0.420858615914028,2.13121676754764,-0.59207485722942,3.73032563859934,3.86208343778161,1.00600853638552,3.21467716270793,3.6242973001453,3.77915708122441,3.78060733595218,4.0055017910708,2.76318012867718,1.21450022836216,-10.253068536481,-2.86796554332169,9.30839715412249,5.75845167953774,
Post-demographic dividend,PST,GDP growth (annual %),NY.GDP.MKTP.KD.ZG,,4.40882790671731,5.58210481920793,5.01422768952196,6.3760964018887,5.48909359378879,5.50604076267453,3.7741157597081,5.84485798234853,5.57549844132834,2.67654648146424,3.72277104074638,5.30351750282641,6.06814413088243,0.89602335057883,-0.0533527373537339,4.74261282349629,3.77157426233596,4.2935692018322,3.81166436926463,1.0776367178978,1.95119578557335,0.19902679917341,3.14867505144716,4.79184989876154,3.7255279912554,3.18292248407077,3.52918160862976,4.6670940753237,3.80364893401325,2.7072147763263,1.02773523386668,1.90317148776845,1.15496205380481,3.1374142791983,2.69900138090352,2.92228548916609,3.42663576970487,2.84051067042301,3.52845695774427,4.03497304143468,1.53298388984872,1.52950070873099,2.01777847415676,3.20853712266349,2.76718696570073,2.92055464654892,2.54180824777306,0.355737384773008,-3.39144617788398,2.9099823142471,1.66655739286985,1.25636690748527,1.5091144019128,2.01147187513966,2.2243851593875,1.79792653657221,2.46508650194241,2.25056575504183,1.76860550874882,-4.12374881367235,5.4462382045962,2.41323295588987,1.68932084550499,
Pre-demographic dividend,PRE,GDP growth (annual %),NY.GDP.MKTP.KD.ZG,,-0.303987806750854,6.13872020996908,5.8185465240995,4.66057978794589,4.40566548805472,1.17684409700504,-5.79849715891642,3.63537710995257,11.3696846152355,8.64697507854653,9.43064679493419,3.44035035729462,4.09102105282948,8.41181662919455,-0.383262625229136,6.9661051238955,4.72437647356072,-0.15737819081761,5.72991944893029,4.24344670640974,-4.02976242015775,-1.23132900318711,-4.8053074570861,0.604178518009775,3.65972605614205,2.57702676303953,3.90030441126194,3.81288527555066,1.36779178562345,8.33708867427652,-8.28991863217591,2.38001761306852,-0.441335326723163,-0.0163315161684636,3.10733068714933,5.62606746343451,6.31637790289561,6.96812412025774,4.27153207955936,5.57536205526689,4.33180315338171,5.91883210272096,-0.727333087213481,11.9676515281781,5.97312531067658,6.22516424217756,6.06225149916236,6.38702191185929,4.92226229828574,6.56194489845284,4.29670973663181,4.25050358902806,5.8592900282368,5.09889732446534,3.27668118730698,2.39832550615498,1.6152836623985,2.58736314113948,3.30796457026474,-2.5612561140204,3.15426000013312,4.1405972463585,2.36676205045751,
Slovak Republic,SVK,GDP growth (annual %),NY.GDP.MKTP.KD.ZG,,,,,,,,,,,,,,,,,,,,,,,,,,,,,,,,-14.5738024438961,-6.72148847853128,1.9013281235637,6.20553120272317,5.84349423365865,6.61989812050714,5.92583708362997,4.07609747887876,-0.105914962121687,1.16652651824111,3.25378398108975,4.50944413787025,5.49908307699157,5.27888071780144,6.62346125850533,8.49317674533845,10.8320288129653,5.574886345113,-5.45553286715979,6.71663274983085,2.67145277909515,1.31880224556281,0.632740007294188,2.69718980707125,5.16718160614154,1.94395086102337,2.93806867784903,4.03038971425349,2.51125619776377,-3.32972320966405,4.77122142450317,1.87003619871018,1.59645497115139,
Small states,SST,GDP growth (annual %),NY.GDP.MKTP.KD.ZG,,,,,,,,,,,,,,,,-1.3384530519057,12.8852722579078,8.95590326502816,6.2254046754008,10.2363222551369,0.634797802213811,-3.24172340474293,0.273744852629349,1.31913670644197,4.8939332834028,1.80967212592844,3.23914509868774,4.87945296488806,4.17077409644079,3.60428549712233,3.16522753970921,0.48795348090853,-0.174323942545612,2.16566840189974,2.91356160665242,4.33493475790149,3.86683028964958,4.09333105715525,4.24131133989232,3.06817237819546,5.82320676634845,2.70104821291078,3.09220943383978,3.84187388416255,4.46322104363479,4.49021281534354,5.82519825435497,5.48661044448311,1.77150771306994,-3.28005519090549,2.43168870016581,2.80137450679013,1.73204564173524,1.46665283835104,2.35187779170528,2.90217784638642,3.28151427764374,4.24285823264236,3.73297279210021,3.42548851149165,-6.48876819930216,6.78651457690746,7.685584096989,4.53062456779698,
South Asia,SAS,GDP growth (annual %),NY.GDP.MKTP.KD.ZG,,4.21382710104825,3.40798670461191,5.29132884596717,7.75910537277021,-0.541338190933118,1.24277712111916,6.1088654215508,4.60220626169463,5.77722304784234,5.90718155196264,0.619458668168704,-1.75813410480636,3.88178579826545,2.47966343891719,6.87811132660934,2.60694647236357,6.22486268451188,6.14329615181771,-2.52489449845302,6.52276676076372,6.4447676129364,3.85638150589452,6.66915367977859,4.25214823850386,5.47646844158587,4.83441966418683,4.26926519719315,8.36793076248674,5.38286847489182,5.39691526111415,2.10779541205058,5.80666644174708,4.28629017838986,5.91822391099686,6.82380368409684,6.70815463580475,3.69457655771095,5.4451638978128,7.51266493316606,4.1124498119147,4.35912766958269,3.7210753505875,7.17607110111503,7.54872298634541,7.61273344167741,7.61852880141585,7.13916612636942,3.2981049942519,6.94990015884613,7.36599200861392,5.07122194849418,5.38128973603351,6.00860161536451,6.84783789148651,7.25156162420913,7.77623550746786,6.50264099306672,6.33469355433985,3.92432284048063,-4.58269312944782,8.76382055037797,6.31221169170688,6.35285494018545,
South Asia (IDA & IBRD),TSA,GDP growth (annual %),NY.GDP.MKTP.KD.ZG,,4.21382710104825,3.40798670461191,5.29132884596717,7.75910537277021,-0.541338190933118,1.24277712111916,6.1088654215508,4.60220626169463,5.77722304784234,5.90718155196264,0.619458668168704,-1.75813410480636,3.88178579826545,2.47966343891719,6.87811132660934,2.60694647236357,6.22486268451188,6.14329615181771,-2.52489449845302,6.52276676076372,6.4447676129364,3.85638150589452,6.66915367977859,4.25214823850386,5.47646844158587,4.83441966418683,4.26926519719315,8.36793076248674,5.38286847489182,5.39691526111415,2.10779541205058,5.80666644174708,4.28629017838986,5.91822391099686,6.82380368409684,6.70815463580475,3.69457655771095,5.4451638978128,7.51266493316606,4.1124498119147,4.35912766958269,3.7210753505875,7.17607110111503,7.54872298634541,7.61273344167741,7.61852880141585,7.13916612636942,3.2981049942519,6.94990015884613,7.36599200861392,5.07122194849418,5.38128973603351,6.00860161536451,6.84783789148651,7.25156162420913,7.77623550746786,6.50264099306672,6.33469355433985,3.92432284048063,-4.58269312944782,8.76382055037797,6.31221169170688,6.35285494018545,
St. Kitts and Nevis,KNA,GDP growth (annual %),NY.GDP.MKTP.KD.ZG,,,,,,,,,,,,,,,,,,,3.90990418237138,7.5976750284066,8.44012103734693,1.54690338408525,0.547738044741152,1.18672046955245,8.86580745735674,8.55006826734157,10.8569938490329,6.55034522837651,9.22537497565092,5.47979407673375,4.87725151603959,-1.86468912891613,4.26897382542985,6.80194941601546,5.30171905117815,5.38314265701612,5.84283802585985,6.82396677607342,-0.486745779185156,3.21988642181456,10.042808415173,5.25344983010886,1.36771507253633,-3.93339486032939,3.99634666125431,9.73282070298016,3.15038119968223,0.600602326543751,11.1785279683724,-3.37930611341334,0.0439776540971621,1.61660730423688,-0.525762355415353,5.70982297813258,7.36556170803422,0.694135527876625,3.93270319273282,0.220941147299996,2.00352549800972,2.83126737870639,-15.3544517590966,0.479678356753311,10.5228492759939,3.43115229343,
St. Lucia,LCA,GDP growth (annual %),NY.GDP.MKTP.KD.ZG,,,,,,,,,,,,,,,,,,,10.3119407076511,3.79273440393773,-2.22052809139288,6.3102531827512,2.08634210645604,4.96538397197028,7.26557363963418,8.28776507119213,14.4020192954508,3.92373138515138,13.8996638393104,8.98100420320522,9.89070153044158,0.375678028897312,7.9530753604442,0.583199758222051,1.59856016206341,1.74822586503767,2.92258795742219,-0.694130142059308,6.28647121511862,2.67060351127419,0.0487485535201131,-3.40806396189404,0.416450493043214,4.26461148738223,7.2674088699471,-0.410304726290235,6.19525729141048,1.69161857433913,4.94932194028057,-2.82889954830628,0.330018546071486,4.32694280532142,-0.108756148262358,-2.00502437372521,1.52067344396673,0.102115735124443,3.42786536845747,3.3796285677149,2.88677902171601,-0.653959999999998,-24.5044000000001,12.22991,18.07538,3.19000999999997,
St. Martin (French part),MAF,GDP growth (annual %),NY.GDP.MKTP.KD.ZG,,,,,,,,,,,,,,,,,,,,,,,,,,,,,,,,,,,,,,,,,,,,,,,,,,,,,,,,1.0,5.0,-8.00000324038295,-7.99999506898229,6.50000363700821,-12.500002246731,4.89999967133534,,,
St. Vincent and the Grenadines,VCT,GDP growth (annual %),NY.GDP.MKTP.KD.ZG,,4.52728327833103,3.69426180095058,-6.26533852648464,3.66972556461145,0.884935067103171,0.0,-9.52381346413968,6.50970588907791,2.86084496980025,10.7458895531052,2.96805058437629,25.8314889421938,-11.1013350497141,-8.82059153118678,-7.60870943485423,10.3768203159129,13.2294110952544,9.77747389358521,3.38221693750825,2.44272021907807,4.61390408639714,4.47684917038593,2.16859611935438,6.58633897223109,6.17934627996466,5.59974053078381,0.438004940909394,14.0746945341899,1.40561078800401,4.14918682834306,1.13557518832698,6.37794062708292,4.25073077397103,-1.24762336447148,7.76665024455248,1.28791200314089,3.50515087270627,4.0901949332585,2.71031071289156,1.63903190394467,1.74823102028898,5.34212707436718,6.69133665352797,4.11469880444737,2.48855733938132,6.99692626758825,3.3229685982929,0.404640808638888,-1.3781936056056,-4.47046793507802,-0.60627665148327,1.16911218376478,2.4624841721544,1.25025436927181,2.78316119435202,4.14593168183934,1.44883063367161,3.1756114423991,0.661727443679865,-3.73914599187015,0.75379707990075,7.1598328657349,6.01610914506236,
Sub-Saharan Africa,SSF,GDP growth (annual %),NY.GDP.MKTP.KD.ZG,,1.09546276020076,6.01483770220442,6.28281585883299,4.99244115164194,4.68188217718813,2.03727718472709,-0.758837457759668,3.13591611500416,9.01322298957621,7.84564871602097,7.7622249204874,2.96692899690628,4.32290035318401,7.57494063102817,-0.258254556755816,5.18522273714355,2.77905547936169,-0.160273386156746,3.95252939577651,3.75794778192532,-0.815959389356735,-1.20025417950946,-2.579405265942,2.24720748938689,2.00743896641222,1.90250598383854,2.95170673377334,4.44883150414586,2.31391825638876,2.35410275167278,0.34968215555476,-0.399974820885035,-0.892892704400765,0.980602758855525,3.31888795672177,5.13087687183513,4.08240046540315,2.50232977747356,2.20461392979007,3.47812372745,4.19846136104258,6.33116475055388,4.05008979263852,6.60196091957768,6.01887916401731,6.05586414396551,6.16224217007544,5.18944068824474,3.18048086161831,5.99557268673479,4.4144049339736,3.25824844020808,5.09044054834963,4.8707602196872,2.92037388274858,1.24203717635056,2.4842832882705,2.75496705784248,2.65974505028328,-1.96689482692713,4.26493689249247,3.66056242275046,2.95509553212815,
Sub-Saharan Africa (IDA & IBRD countries),TSS,GDP growth (annual %),NY.GDP.MKTP.KD.ZG,,1.09546276020076,6.01483770220443,6.28281585883302,4.99244115164194,4.6818821771881,2.03727718472709,-0.758837457759711,3.13591611500421,9.01322298957609,7.84564871602105,7.7622249204874,2.96692899690625,4.32290035318401,7.57494063102814,-0.258254556755773,5.18522273714352,2.7790554793617,-0.160273386156746,3.95252939577655,3.75794778192528,-0.815959389356692,-1.20025417950951,-2.57940526594204,2.24720748938691,2.00743896641225,1.90250598383852,2.95170673377334,4.44883150414587,2.31391825638873,2.35410275167276,0.34968215555476,-0.399974820885021,-0.892892704400722,0.980602758855468,3.3188879567218,5.13087687183511,4.08240046540323,2.50232977747356,2.20461392979006,3.47812372745,4.19846136104258,6.33116475055392,4.05008979263843,6.60196091957775,6.01887916401725,6.05586414396552,6.16224217007546,5.18944068824474,3.18048086161831,5.99557268673479,4.41440493397369,3.25824844020801,5.09044054834959,4.87076021968724,2.92037388274858,1.24203717635056,2.4842832882705,2.75496705784242,2.65974505028328,-1.9668948269271,4.26493689249247,3.66056242275046,2.95509553212815,
Sub-Saharan Africa (excluding high income),SSA,GDP growth (annual %),NY.GDP.MKTP.KD.ZG,,1.0989096242992,6.01357360449764,6.28073529896822,4.99192251057801,4.68512404164549,2.03094959494243,-0.759589420216216,3.13327158360617,9.01885022019806,7.84506101836079,7.75758304175929,2.9648676552948,4.31988678117605,7.57911691439008,-0.260408733977485,5.17802800193388,2.78548705262492,-0.174220981177683,3.94312392090993,3.76578605644626,-0.813615382814859,-1.19960789276102,-2.58083643297489,2.24567662585223,2.00115220442471,1.90344166935768,2.95014695092893,4.44810631878498,2.30727543608222,2.34952092387326,0.347408613104164,-0.407288581184119,-0.901395675350471,0.984441310570404,3.32196341798578,5.12573987302123,4.0734425947806,2.50237131420774,2.20500978059268,3.47720428626272,4.20619358093136,6.33690172317121,4.06069137630097,6.61108125915698,6.01625298208353,6.05283539870058,6.1597112131456,5.19701159459629,3.18540561641198,5.9967983524804,4.41027371059997,3.25837393041606,5.09369853092592,4.87142051012202,2.91550805166534,1.23269348476941,2.48003006546065,2.75279768600285,2.65684995243201,-1.95670713533904,4.26842091333799,3.65032149552491,2.95488811486773,
Tanzania,TZA,GDP growth (annual %),NY.GDP.MKTP.KD.ZG,,1.13829635143733,9.0967473843173,6.26000305957992,5.51115870033443,4.36472067146289,11.6436755317776,5.52325857922482,6.28556212963628,3.26163984438972,-46.4330351414879,3.90146077101548,7.11531519183175,6.19196242050275,2.11339071824554,3.98942559802261,3.30601216563475,0.0495928503145819,2.08400760207998,2.50017391682698,2.73797995142979,-0.978820953022847,-0.367659678143241,-0.391629233340765,4.67297206431726,1.24490401005073,5.49571344558053,4.79651980542424,7.25543546092184,3.76444340906173,7.04507164205384,2.07198821361878,0.584322131924068,1.20580080875436,1.56766176421846,3.56991186849247,4.54436680394173,3.52527818941036,3.70851159859504,4.86386375362282,4.52078463603256,6.07080828734129,7.09319498355502,6.67278983053497,7.50381465859829,7.47631925974784,6.53222138847813,6.76853520293716,5.68641685905224,5.26910524873463,6.33652342666889,7.67215543486064,4.50015356010131,6.78158560065316,6.73246186832483,6.16062877406682,6.86711619644551,6.76227716834148,5.46808181528009,5.79999999996723,1.99196460647855,4.32138429480482,4.56600576430955,5.18805639154843,
Turkiye,TUR,GDP growth (annual %),NY.GDP.MKTP.KD.ZG,,1.15606938539699,5.57142858180484,9.06630555240875,5.45905679838097,2.82352954343837,11.2128150353514,4.73251024393741,6.77799601038116,4.0811456208947,3.2335089729326,5.56669450058789,7.42578832564243,3.26233451840511,5.59447440269336,7.17411268977106,10.4611795563238,3.40666980449156,1.50293301122329,-0.624113570222889,-2.44735042580156,4.85664876652039,3.56322781218346,4.97108077727097,6.71201571206008,4.24133571639945,7.01203111054399,9.48553884246731,2.3207367939484,0.2902440687796,9.26614667149323,0.720279035610048,5.03563493896803,7.65126520301509,-4.66814736394838,7.87826687618991,7.37966447375686,7.57766364407608,2.40415025686937,-3.26316840597104,6.93323970455904,-5.75000655464257,6.44772204681594,5.76320606654714,9.79593638920282,8.99230493626517,6.94798808571993,5.04350793157104,0.815024573007705,-4.82315395301769,8.42710432276191,11.2001105833504,4.78849271108008,8.48581699653026,4.9397151613658,6.08448690443663,3.32308420845746,7.50199748917491,3.01317990846508,0.81852593620826,1.85983969001542,11.4393847446421,5.53346926596379,4.5168665079849,
Upper middle income,UMC,GDP growth (annual %),NY.GDP.MKTP.KD.ZG,,0.411497510966583,3.1192107193492,4.49026412352971,8.73852541907185,7.68238940634241,6.25910288105196,3.80884830331722,6.97375224257254,8.35085020719757,8.39536813414379,6.67218217950571,7.72185724401366,7.75389028383495,6.35421044735456,4.5421191230147,6.56766966827674,4.311400907083,3.78116490517758,5.56586380224499,4.63584068586562,1.84866388772602,3.05222590400138,1.43628535015246,5.36901065648993,4.67908209390333,3.66989964367744,4.94387314836975,3.37687726689906,2.97830460295401,2.71402600042067,3.07329137432217,4.51845334726153,5.88082548180515,5.51807147731492,4.41698482189683,6.19856275682851,6.07505652549081,2.95424100595901,3.20324821465047,5.95678705796186,3.41985733827319,4.78756965832471,5.86969606860181,7.85657999129201,7.4998160641121,8.60066797553938,9.40870713382978,6.26537334501975,3.46942675321242,8.52498721494061,6.94137661151963,5.76110322862426,5.63544893389,4.93537340072191,4.54601307323637,4.57774212825505,5.35474335314659,4.90396891584386,4.09017583927643,-0.594393798185607,7.72230187446708,3.35715409317852,4.34624927549552,
"Venezuela, RB",VEN,GDP growth (annual %),NY.GDP.MKTP.KD.ZG,,3.19251943889358,8.53293376290713,3.90095116381816,11.1293452932625,4.16286666476402,1.51025011101886,2.83386903098896,7.33723265821675,0.706036796156042,7.71191438124382,1.47929120998992,1.28280503619396,7.10995789495577,2.06933320169284,2.89625778007156,7.72773984679836,6.27078351298833,2.34689637191244,0.76435514542564,-4.42132236441776,-0.362810903072699,-2.07100607069904,-3.76481712341422,1.44216463345981,0.193300161365073,6.51034502827659,3.5816499384792,5.82136841978142,-8.56988201329985,6.46794085305808,9.72988797714595,6.06047326248849,0.275388157561835,-2.34950792823469,3.95166272391241,-0.197837256663462,6.37093140101881,0.29405516051952,-5.97045814641,3.68694416687683,3.3942361077907,-8.85564735286779,-7.75530004959883,18.2866066891245,10.3179138043148,9.87214910851037,8.7535788078585,5.27785412398782,-3.20230265749002,-1.48879125078348,4.17642535923927,5.62595697508641,1.34309403607476,-3.89438647450662,,,,,,,,,,
Virgin Islands (U.S.),VIR,GDP growth (annual %),NY.GDP.MKTP.KD.ZG,,,,,,,,,,,,,,,,,,,,,,,,,,,,,,,,,,,,,,,,,,,,-0.396080883885759,3.28589367936377,3.4853090172239,3.50499314666143,4.01059402194477,1.21862495452891,-6.59478885893981,0.596383224317051,-8.20424555364315,-14.8125,-6.28515529469308,-1.77453027139875,-0.425079702444208,1.6008537886873,-0.735294117647058,1.9047619047619,2.93354101765317,-1.91677175283733,2.85420416559528,,,
West Bank and Gaza,PSE,GDP growth (annual %),NY.GDP.MKTP.KD.ZG,,,,,,,,,,,,,,,,,,,,,,,,,,,,,,,,,,,,7.11851182374288,1.2151507733079,14.667225162375,14.3342034755528,8.28042940371661,-8.55618329065622,-9.31063816755331,-12.4891917608064,14.0158654945752,21.9252394933447,11.2906511829271,-0.996556103477076,3.78828152085981,7.42918225547835,8.59349087893864,5.77736205629419,9.60080848913594,6.09645656326154,4.69856986552234,-0.157866650855297,3.72129967114788,8.86461881995935,1.41936756294787,1.22707737782703,1.36268746558062,-11.3184661065134,7.01198227592003,4.08276027347105,-5.50879437160218,
World,WLD,GDP growth (annual %),NY.GDP.MKTP.KD.ZG,,3.96972778685065,5.31900413831062,5.01876407006563,6.58320452654897,5.59576808623643,5.43837086692535,3.7355332428999,5.92567963854573,5.97893191830035,3.7357035238842,4.30715904084732,5.63743054631935,6.40815976260902,1.91429890531384,0.526672163684921,5.21426180203024,4.01843085613496,4.08921408755343,4.18237147076492,1.8815591957231,1.9264160311818,0.296537496595235,2.58619889502016,4.67432081858121,3.70280432812342,3.35135750273969,3.72462650916714,4.59172623866458,3.71718416002003,2.76454112195918,1.25582639172117,2.01925660379804,1.81297600755461,3.32394244259369,3.08461458014557,3.57468642667355,3.92971386087353,2.85392534426954,3.54971735296617,4.53109478934492,2.02540286904951,2.30283698886824,3.10427567346218,4.46925885476534,4.00586591028021,4.4427926960624,4.37327669000229,2.06249593292573,-1.35578209060768,4.52954597288344,3.32713269662275,2.70911515835066,2.86822214282918,3.12386991048261,3.12613558771196,2.82055728507054,3.46023911788988,3.28661298847909,2.64221643519326,-2.93204334405938,6.25985128447172,3.08960746444744,2.71933336640949,
"Yemen, Rep.",YEM,GDP growth (annual %),NY.GDP.MKTP.KD.ZG,,,,,,,,,,,,,,,,,,,,,,,,,,,,,,,,6.29349385992927,8.20759813722687,4.00196638126631,6.72194912231696,5.66937132228433,4.63496731668951,5.23111204040379,6.00669459871877,3.77553049612634,6.1819155928913,3.80364587188127,3.9352315052778,3.74739818489111,3.972696401183,5.59174807563268,3.17040935922364,3.33842795605096,3.64756947012633,3.86622951587742,7.70230703961865,-12.7148968954117,2.3929902093532,4.82351906650533,-0.188690232450909,-27.9945462536875,-9.37512381761694,-5.07179563883867,0.752447587579127,,,,,,
